"playstore_full_description","–õ–µ–≥–∫–æ –∏ –±–µ–∑–æ–ø–∞—Å–Ω–æ –æ—Ç—Å–ª–µ–∂–∏–≤–∞–π—Ç–µ –≤—Å–µ –≤–∞—à–∏ –ø–∞—Ä–æ–ª–∏!

AuthPass - –∞–≤—Ç–æ–Ω–æ–º–Ω—ã–π –º–µ–Ω–µ–¥–∂–µ—Ä –ø–∞—Ä–æ–ª–µ–π —Å –ø–æ–¥–¥–µ—Ä–∂–∫–æ–π –ø–æ–ø—É–ª—è—Ä–Ω—ã—Ö –∏ –ø—Ä–æ–≤–µ—Ä–µ–Ω–Ω—ã—Ö <strong>KeePass</strong> (kdbx 3.x –∏ kdbx 4.x üéâ) —Ñ–æ—Ä–º–∞—Ç–æ–≤. –•—Ä–∞–Ω–∏—Ç–µ –≤–∞—à–∏ –ø–∞—Ä–æ–ª–∏, <strong>–¥–µ–ª–∏—Ç–µ—Å—å —Å–æ –≤—Å–µ–º–∏ –≤–∞—à–∏–º–∏ —É—Å—Ç—Ä–æ–π—Å—Ç–≤–∞–º–∏</strong> –∏ –ª–µ–≥–∫–æ –Ω–∞—Ö–æ–¥–∏—Ç–µ –∏—Ö –≤—Å—è–∫–∏–π —Ä–∞–∑, –∫–æ–≥–¥–∞ –≤–∞–º –Ω—É–∂–Ω–æ –≤–æ–π—Ç–∏ –≤ —Å–∏—Å—Ç–µ–º—É.

üóÑ –í—Å–µ –≤–∞—à–∏ –ø–∞—Ä–æ–ª–∏ –≤ –æ–¥–Ω–æ–º –º–µ—Å—Ç–µ.
üß¨ –≥–µ–Ω–µ—Ä–∏—Ä—É–π—Ç–µ –±–µ–∑–æ–ø–∞—Å–Ω—ã–µ —Å–ª—É—á–∞–π–Ω—ã–µ –ø–∞—Ä–æ–ª–∏ –¥–ª—è –∫–∞–∂–¥–æ–≥–æ –≤–∞—à–µ–≥–æ –∞–∫–∫–∞—É–Ω—Ç–∞.
üîê –ë—ã—Å—Ç—Ä–∞—è —Ä–∞–∑–±–ª–æ–∫–∏—Ä–æ–≤–∫–∞ —Å –ø–æ–º–æ—â—å—é –±–∏–æ–º–µ—Ç—Ä–∏—á–µ—Å–∫–æ–≥–æ –±–ª–æ–∫–∏—Ä–æ–≤–∫–∏.
üîç –°–ª–µ–¥–∏—Ç–µ –∑–∞ –≤–∞—à–∏–º–∏ —Å—á–µ—Ç–∞–º–∏ –ø–æ —Å–µ—Ç–∏.
üñ• –ø—Ä–∏–ª–æ–∂–µ–Ω–∏–µ –¥–æ—Å—Ç—É–ø–Ω–æ –¥–ª—è Mac, iPhone, iPad, Android Phones –∏ –ø–ª–∞–Ω—à–µ—Ç–æ–≤, Linux –∏ Windows.
üìÇ –æ–¥–Ω–æ–≤—Ä–µ–º–µ–Ω–Ω–æ –æ—Ç–∫—Ä—ã–≤–∞–µ—Ç –Ω–µ—Å–∫–æ–ª—å–∫–æ —Ñ–∞–π–ª–æ–≤ —Å –ø–∞—Ä–æ–ª–µ–º (–æ–¥–∏–Ω –¥–ª—è —Ä–∞–±–æ—Ç—ã, –æ–¥–∏–Ω –¥–ª—è –ø–µ—Ä—Å–æ–Ω–∞–ª—å–Ω–æ–≥–æ –∏—Å–ø–æ–ª—å–∑–æ–≤–∞–Ω–∏—è –∏–ª–∏ –¥–∞–∂–µ –ø–æ–¥–µ–ª–∏—Ç—å—Å—è —Ñ–∞–π–ª–∞–º–∏ –ø–∞—Ä–æ–ª–µ–π —Å –∫–æ–ª–ª–µ–≥–∞–º–∏ –ø–æ —Ä–∞–±–æ—Ç–µ)
ü§ì –û—Ç–∫—Ä—ã—Ç—ã–π –∏—Å—Ö–æ–¥–Ω—ã–π –∫–æ–¥ –¥–æ—Å—Ç—É–ø–µ–Ω –Ω–∞ https://github.com/authpass/authpass/
‚úç –∞–≤—Ç–æ–∑–∞–ø–æ–ª–Ω–µ–Ω–∏–µ –ø–∞—Ä–æ–ª–µ–π (Android 9+, –ü–æ–¥–¥–µ—Ä–∂–∫–∞ –≤ –±—Ä–∞—É–∑–µ—Ä–µ —Ç–æ–ª—å–∫–æ —Å Android 10+)
üî¶ –¢—ë–º–Ω–∞—è —Ç–µ–º–∞ üòé


<strong>=== –ü–û–î –í–ê–®–ò–ú –ö–û–ù–¢–†–û–õ–ï–ú ===</strong>
AuthPass —Å–æ—Ö—Ä–∞–Ω—è–µ—Ç –≤—Å–µ –≤–∞—à–∏ –ø–∞—Ä–æ–ª–∏ –≤ –æ—Ç–∫—Ä—ã—Ç–æ–º —Ñ–æ—Ä–º–∞—Ç–µ Keepass, —Ç–æ—á–Ω–æ —Ç–∞–º, –≥–¥–µ –≤—ã —Ö–æ—Ç–∏—Ç–µ. –û–Ω –Ω–µ –æ—Ç–ø—Ä–∞–≤–ª—è–µ—Ç –≤–∞—à–∏ –ø–∞—Ä–æ–ª–∏ –Ω–∞ –Ω–∞—à–∏ —Å–µ—Ä–≤–µ—Ä—ã. –ù–æ AuthPass –ø–æ–¥–¥–µ—Ä–∂–∏–≤–∞–µ—Ç —Å–æ—Ö—Ä–∞–Ω–µ–Ω–∏–µ –≤:
‚úÖÔ∏è –õ—é–±–æ–π –º–µ—Å—Ç–Ω—ã–π –ø–æ—Å—Ç–∞–≤—â–∏–∫ –∫–æ–Ω—Ç–µ–Ω—Ç–∞ —Å Android
‚úÖÔ∏è –í—Å—Ç—Ä–æ–µ–Ω–Ω–∞—è –∏–Ω—Ç–µ–≥—Ä–∞—Ü–∏—è —Å Google –î–∏—Å–∫–æ–º
‚úÖÔ∏è –í—Å—Ç—Ä–æ–µ–Ω–Ω–∞—è –∏–Ω—Ç–µ–≥—Ä–∞—Ü–∏—è —Å Dropbox
‚úÖÔ∏è –í—Å—Ç—Ä–æ–µ–Ω–Ω–∞—è –ø–æ–¥–¥–µ—Ä–∂–∫–∞ WebDAV –¥–ª—è —Ö—Ä–∞–Ω–µ–Ω–∏—è –≤ –≤–∞—à–µ–º —Å–æ–±—Å—Ç–≤–µ–Ω–Ω–æ–º NextCloud –∏–ª–∏ ownCloud (–∏–ª–∏ –∞–Ω–∞–ª–æ–≥–∏—á–Ω–æ–º)
‚úÖÔ∏è –í—Å—Ç—Ä–æ–µ–Ω–Ω–∞—è –∏–Ω—Ç–µ–≥—Ä–∞—Ü–∏—è —Å Microsoft OneDrive

<b>=== –ü–û–õ–ù–û–§–£–ù–ö–¶–ò–û–ù–ê–õ–¨–ù–´–ô, –ë–ï–ó –†–ï–ö–õ–ê–ú–´, –ë–ï–ó –ü–û–î–ü–ò–°–ö–ò ===</b>
–í –ø—Ä–æ–µ–∫—Ç–µ —Å –æ—Ç–∫—Ä—ã—Ç—ã–º –∏—Å—Ö–æ–¥–Ω—ã–º –∫–æ–¥–æ–º –Ω–µ—Ç –∏—Å–∫—É—Å—Å—Ç–≤–µ–Ω–Ω—ã—Ö –æ–≥—Ä–∞–Ω–∏—á–µ–Ω–∏–π, –Ω–µ—Ç —Ä–µ–∫–ª–∞–º—ã –∏ –Ω–µ—Ç —Ç—Ä–µ–±–æ–≤–∞–Ω–∏–π –∫ –ø–ª–∞—Ç–µ–∂–∞–º.

<strong>–í–∫–ª–∞–¥ –ø—Ä–∏–≤–µ—Ç—Å—Ç–≤—É–µ—Ç—Å—è –∏ –ø–æ–æ—â—Ä—è–µ—Ç—Å—è</strong> üòÖ (–í—Å–µ–≥–¥–∞ –∏—â–µ–º —Ä–∞–∑—Ä–∞–±–æ—Ç—á–∏–∫–æ–≤, –ø–µ—Ä–µ–≤–æ–¥—á–∏–∫–æ–≤, –∞–≤—Ç–æ—Ä–æ–≤ –¥–æ–∫—É–º–µ–Ω—Ç–∞—Ü–∏–∏, –¥–∏–∑–∞–π–Ω–µ—Ä–æ–≤ –ø–æ–ª—å–∑–æ–≤–∞—Ç–µ–ª—å—Å–∫–æ–≥–æ –∏–Ω—Ç–µ—Ä—Ñ–µ–π—Å–∞ –∏ —Ç.–¥. ), –ø—Ä–æ—Å—Ç–æ –ø—Ä–∏—Å–æ–µ–¥–∏–Ω—è–π—Ç–µ—Å—å –∫ –Ω–∞—à–µ–º—É <a href=""https://authpass.app/go/discord"">discord –∫–∞–Ω–∞–ª—É</a>.

<b>=== –í –°–¢–ê–î–ò–ò –ê–ö–¢–ò–í–ù–û–ô –†–ê–ó–†–ê–ë–û–¢–ö–ò üõ†Ô∏è ===</b>
–≠—Ç–æ –ø—Ä–æ–µ–∫—Ç —Å –æ—Ç–∫—Ä—ã—Ç—ã–º –∏—Å—Ö–æ–¥–Ω—ã–º –∫–æ–¥–æ–º, –∫–æ—Ç–æ—Ä—ã–π –≤—Å–µ –µ—â–µ –Ω–∞—Ö–æ–¥–∏—Ç—Å—è –≤ —Å—Ç–∞–¥–∏–∏ –∏–Ω—Ç–µ–Ω—Å–∏–≤–Ω–æ–π —Ä–∞–∑—Ä–∞–±–æ—Ç–∫–∏, –¥–æ–±–∞–≤–ª—è—è –Ω–æ–≤—ã–µ —Ñ—É–Ω–∫—Ü–∏–∏. –ú—ã –±—É–¥–µ–º —Ä–∞–¥—ã –≤–∞—à–µ–º—É –æ—Ç–∑—ã–≤—É –ø–æ —ç–ª–µ–∫—Ç—Ä–æ–Ω–Ω–æ–π –ø–æ—á—Ç–µ –∏–ª–∏ –Ω–∞ <a href=""https://github.com/authpass/authpass/issues/"">–±–∞–≥—Ç—Ä–µ–∫–µ—Ä</a> –Ω–∞ https://github.com/authpass/authpass/issues/

–¢–∞–∫–∂–µ –ø—Ä–∏—Å–æ–µ–¥–∏–Ω—è–π—Ç–µ—Å—å –∫ —Å–æ–æ–±—â–µ—Å—Ç–≤—É –Ω–∞ –Ω–∞—à–µ–º <a href=""https://authpass.app/go/discord"">discord –∫–∞–Ω–∞–ª–µ</a> –Ω–∞ https://authpass.app/go/discord
","Google Play Store description","4000",""
"playstore_title","AuthPass - KeePass —Å–æ–≤–º–µ—Å—Ç–∏–º—ã–π –º–µ–Ω–µ–¥–∂–µ—Ä –ø–∞—Ä–æ–ª–µ–π","Google Play Title","50",""
"playstore_short_description","–ó–∞—â–∏—â–∞–π—Ç–µ –≤–∞—à–∏ –ø–∞—Ä–æ–ª–∏ –∏ —É—á–µ—Ç–Ω—ã–µ –∑–∞–ø–∏—Å–∏ –Ω–∞ –≤—Å–µ—Ö –ø–ª–∞—Ç—Ñ–æ—Ä–º–∞—Ö –∏ —É—Å—Ç—Ä–æ–π—Å—Ç–≤–∞—Ö.","Short description in play store.","80",""
"apple-appstore-title","AuthPass ‚Äì –ú–µ–Ω–µ–¥–∂–µ—Ä –ø–∞—Ä–æ–ª–µ–π","","30",""
"apple-appstore-subtitle","","apple-appstore-subtitle -- Used as subtitle in Apple App Store, feel free to be creative ;-) Does not have to match english original, must just be a catchy phrase for the app store.","30",""
"apple-appstore-description","–õ–µ–≥–∫–æ –∏ –±–µ–∑–æ–ø–∞—Å–Ω–æ –æ—Ç—Å–ª–µ–∂–∏–≤–∞–π—Ç–µ –≤—Å–µ –≤–∞—à–∏ –ø–∞—Ä–æ–ª–∏!

AuthPass - —ç—Ç–æ —Å–∞–º–æ—Å—Ç–æ—è—Ç–µ–ª—å–Ω—ã–π –º–µ–Ω–µ–¥–∂–µ—Ä –ø–∞—Ä–æ–ª–µ–π —Å –ø–æ–¥–¥–µ—Ä–∂–∫–æ–π –ø–æ–ø—É–ª—è—Ä–Ω–æ–≥–æ –∏ –ø—Ä–æ–≤–µ—Ä–µ–Ω–Ω–æ–≥–æ –≤ –±–µ–∑–æ–ø–∞—Å–Ω–æ—Å—Ç–∏ —Ñ–æ—Ä–º–∞—Ç–∞ KeePas. –•—Ä–∞–Ω–∏—Ç–µ –≤–∞—à–∏ –ø–∞—Ä–æ–ª–∏, –¥–µ–ª–∏—Ç–µ—Å—å –∏–º–∏ —Å–æ –≤—Å–µ—Ö –≤–∞—à–∏—Ö —É—Å—Ç—Ä–æ–π—Å—Ç–≤ –∏ –ª–µ–≥–∫–æ –Ω–∞—Ö–æ–¥–∏—Ç–µ –∏—Ö –≤—Å—è–∫–∏–π —Ä–∞–∑, –∫–æ–≥–¥–∞ –≤–∞–º –Ω—É–∂–Ω–æ –≤–æ–π—Ç–∏ –≤ —Å–∏—Å—Ç–µ–º—É.

‚Ä¢ –í—Å–µ –≤–∞—à–∏ –ø–∞—Ä–æ–ª–∏ –≤ –æ–¥–Ω–æ–º –º–µ—Å—Ç–µ.
‚Ä¢ –°–æ–∑–¥–∞–≤–∞–π—Ç–µ —Å–ª—É—á–∞–π–Ω—ã–µ –ø–∞—Ä–æ–ª–∏ –¥–ª—è –∫–∞–∂–¥–æ–≥–æ –≤–∞—à–µ–≥–æ –∞–∫–∫–∞—É–Ω—Ç–∞.
‚Ä¢ –ë—ã—Å—Ç—Ä–∞—è —Ä–∞–∑–±–ª–æ–∫–∏—Ä–æ–≤–∫–∞, –æ–±–µ—Å–ø–µ—á–µ–Ω–Ω–∞—è –±–∏–æ–º–µ—Ç—Ä–∏—á–µ—Å–∫–∏–º –∑–∞–º–∫–æ–º.
‚Ä¢ –°–ª–µ–¥–∏—Ç–µ –∑–∞ –≤–∞—à–∏–º–∏ –∞–∫–∫–∞—É–Ω—Ç–∞–º–∏ –ø–æ —Å–µ—Ç–∏.
‚Ä¢ –ü—Ä–∏–ª–æ–∂–µ–Ω–∏–µ –¥–æ—Å—Ç—É–ø–Ω–æ –Ω–∞ –≤—Å–µ—Ö –ø–ª–∞—Ç—Ñ–æ—Ä–º–∞—Ö. –°—Ä–µ–¥–∏ –Ω–∏—Ö Mac, iPhone –∏ iPad.
‚Ä¢ –û—Ç–∫—Ä—ã—Ç–∏–µ –Ω–µ—Å–∫–æ–ª—å–∫–∏—Ö —Ñ–∞–π–ª–æ–≤ –ø–∞—Ä–æ–ª–µ–π –æ–¥–Ω–æ–≤—Ä–µ–º–µ–Ω–Ω–æ (–Ω–∞–ø—Ä–∏–º–µ—Ä, –æ–¥–∏–Ω –¥–ª—è —Ä–∞–±–æ—Ç—ã, –æ–¥–∏–Ω –¥–ª—è –ø–µ—Ä—Å–æ–Ω–∞–ª—å–Ω—ã—Ö - –∏–ª–∏ –¥–∞–∂–µ –ø–æ–¥–µ–ª–∏—Ç—å—Å—è –≤–∞—à–∏–º–∏ –ø–∞—Ä–æ–ª—è–º–∏ —Å –∫–æ–ª–ª–µ–≥–∞–º–∏)
‚Ä¢ –°–æ—Ö—Ä–∞–Ω–∏—Ç–µ –æ–¥–Ω–æ—Ä–∞–∑–æ–≤—ã–π –ø–∞—Ä–æ–ª—å –Ω–∞ –æ—Å–Ω–æ–≤–µ –≤—Ä–µ–º–µ–Ω–∏ –¥–ª—è 2fa (–î–≤—É—Ö—Ñ–∞–∫—Ç–æ—Ä–Ω–∞—è –∞—É—Ç–µ–Ω—Ç–∏—Ñ–∏–∫–∞—Ü–∏—è).
‚Ä¢ –ü—Ä–∏–∫—Ä–µ–ø–ª—è—Ç—å –±–∏–Ω–∞—Ä–Ω—ã–µ —Ñ–∞–π–ª—ã –∫ –∑–∞–ø–∏—Å—è–º –ø–∞—Ä–æ–ª–µ–π. (–Ω–∞–ø—Ä–∏–º–µ—Ä, –æ—Ñ—Ñ–ª–∞–π–Ω TANs, etc).
‚Ä¢ –û—Ç–∫—Ä—ã—Ç—ã–π –∏—Å—Ö–æ–¥–Ω—ã–π –∫–æ–¥ –¥–æ—Å—Ç—É–ø–µ–Ω –Ω–∞ https://github. om/authpass/authpass/
‚Ä¢ –¢–µ–º–Ω–∞—è —Ç–µ–º–∞ ; )


=== –ü–û–î –í–ê–®–ò–ú –ö–û–ù–¢–†–û–õ–ï–ú ===

AuthPass —Å–æ—Ö—Ä–∞–Ω—è–µ—Ç –≤—Å–µ –≤–∞—à–∏ –ø–∞—Ä–æ–ª–∏ –≤ —Ñ–æ—Ä–º–∞—Ç–µ Keepass –∏–º–µ–Ω–Ω–æ —Ç–∞–º, –≥–¥–µ –≤—ã —ç—Ç–æ–≥–æ —Ö–æ—Ç–∏—Ç–µ. –û–Ω –Ω–µ –æ—Ç–ø—Ä–∞–≤–ª—è–µ—Ç –≤–∞—à–∏ –ø–∞—Ä–æ–ª–∏ –Ω–∞ –Ω–∞—à–∏ —Å–µ—Ä–≤–µ—Ä—ã. –ù–æ AuthPass –ø–æ–¥–¥–µ—Ä–∂–∏–≤–∞–µ—Ç —Å–æ—Ö—Ä–∞–Ω–µ–Ω–∏–µ –Ω–∞:

‚Ä¢ –õ—é–±–æ–π –ª–æ–∫–∞–ª—å–Ω—ã–π –ø–æ—Å—Ç–∞–≤—â–∏–∫ –¥–æ–∫—É–º–µ–Ω—Ç–æ–≤, –Ω–∞–ø—Ä–∏–º–µ—Ä iCloud.
‚Ä¢ –ò–Ω—Ç–µ–≥—Ä–∞—Ü–∏—è —Å Google Drive
‚Ä¢ –ö–æ—Ä–Ω–µ–≤–∞—è Dropbox –ò–Ω—Ç–µ–≥—Ä–∞—Ü–∏—è
‚Ä¢ –ü–æ–¥–¥–µ—Ä–∂–∫–∞ Native WebDAV –¥–ª—è —Ö—Ä–∞–Ω–µ–Ω–∏—è –≤ –≤–∞—à–µ–º —Å–æ–±—Å—Ç–≤–µ–Ω–Ω–æ–º NextCloud –∏–ª–∏ OwnCloud (–∏–ª–∏ –∞–Ω–∞–ª–æ–≥–∏—á–Ω–æ)
‚Ä¢ –í—Å—Ç—Ä–æ–µ–Ω–Ω–∞—è –∏–Ω—Ç–µ–≥—Ä–∞—Ü–∏—è —Å Microsoft OneDrive


===–ü–û–õ–ù–û–§–£–ù–ö–¶–ò–û–ù–ê–õ–¨–ù–´–ô, –ë–ï–ó –†–ï–ö–õ–ê–ú–´, –ë–ï–ó –ü–û–î–ü–ò–°–ö–ò ===

–í –ø—Ä–æ–µ–∫—Ç–µ —Å –æ—Ç–∫—Ä—ã—Ç—ã–º –∏—Å—Ö–æ–¥–Ω—ã–º –∫–æ–¥–æ–º –Ω–µ—Ç –∏—Å–∫—É—Å—Å—Ç–≤–µ–Ω–Ω—ã—Ö –æ–≥—Ä–∞–Ω–∏—á–µ–Ω–∏–π —Ñ—É–Ω–∫—Ü–∏–π, –Ω–µ—Ç —Ä–µ–∫–ª–∞–º—ã –∏ –Ω–µ—Ç —Ç—Ä–µ–±–æ–≤–∞–Ω–∏–π –∫ –ø–ª–∞—Ç–µ–∂–∞–º.
–í–∫–ª–∞–¥ –ø—Ä–∏–≤–µ—Ç—Å—Ç–≤—É–µ—Ç—Å—è –∏ –ø–æ–æ—â—Ä—è–µ—Ç—Å—è :-) (–í—Å–µ–≥–¥–∞ –∏—â—É —Ä–∞–∑—Ä–∞–±–æ—Ç—á–∏–∫–æ–≤, –ø–µ—Ä–µ–≤–æ–¥—á–∏–∫–æ–≤, –∞–≤—Ç–æ—Ä–æ–≤ –¥–æ–∫—É–º–µ–Ω—Ç–∞—Ü–∏–∏, –¥–∏–∑–∞–π–Ω–µ—Ä–æ–≤ –ø–æ–ª—å–∑–æ–≤–∞—Ç–µ–ª—å—Å–∫–æ–≥–æ –∏–Ω—Ç–µ—Ä—Ñ–µ–π—Å–∞ –∏ —Ç. –î. :) ), –ü—Ä–æ—Å—Ç–æ –ø—Ä–∏—Å–æ–µ–¥–∏–Ω—è–π—Ç–µ—Å—å –∫ –Ω–∞—à–µ–º—É –∫–∞–Ω–∞–ª—É discord: https://authpass.app/go/discord.


=== –í –°–¢–ê–î–ò–ò –ê–ö–¢–ò–í–ù–û–ô –†–ê–ó–†–ê–ë–û–¢–ö–ò===

–≠—Ç–æ –ø—Ä–æ–µ–∫—Ç —Å –æ—Ç–∫—Ä—ã—Ç—ã–º –∏—Å—Ö–æ–¥–Ω—ã–º –∫–æ–¥–æ–º, –∫–æ—Ç–æ—Ä—ã–π –≤—Å–µ –µ—â–µ –Ω–∞—Ö–æ–¥–∏—Ç—Å—è –≤ –ø—Ä–æ—Ü–µ—Å—Å–µ —Ä–∞–∑—Ä–∞–±–æ—Ç–∫–∏, –¥–æ–±–∞–≤–ª—è—è –≤–æ–∑–º–æ–∂–Ω–æ—Å—Ç–∏. –ú—ã –±—É–¥–µ–º —Ä–∞–¥—ã –≤–∞—à–µ–º—É –æ—Ç–∑—ã–≤—É –ø–æ —ç–ª–µ–∫—Ç—Ä–æ–Ω–Ω–æ–π –ø–æ—á—Ç–µ –∏–ª–∏ –ø–æ –∞–¥—Ä–µ—Å—É https://github. om/authpass/authpass/issues/

–¢–∞–∫–∂–µ –ø—Ä–∏—Å–æ–µ–¥–∏–Ω—è–π—Ç–µ—Å—å –∫ —Å–æ–æ–±—â–µ—Å—Ç–≤—É –Ω–∞ –Ω–∞—à–µ–º –∫–∞–Ω–∞–ª–µ discord https://authpass.app/go/discord
","apple-appstore-description --- see my comment, this is essentially the same as the playstore_full_description just slight modifications for apple.","4000",""
"apple-appstore-keywords","","apple-appstore-keywords - Keywords used for searching in the apple app store. Does not have to be a 1:1 translation, choose keywords that mak sense.","100",""

"microsoft-store-windows","–õ–µ–≥–∫–æ –∏ –±–µ–∑–æ–ø–∞—Å–Ω–æ –æ—Ç—Å–ª–µ–∂–∏–≤–∞–π—Ç–µ –≤—Å–µ —Å–≤–æ–∏ –ø–∞—Ä–æ–ª–∏!
AuthPass-—ç—Ç–æ –∞–≤—Ç–æ–Ω–æ–º–Ω—ã–π –º–µ–Ω–µ–¥–∂–µ—Ä –ø–∞—Ä–æ–ª–µ–π —Å –ø–æ–¥–¥–µ—Ä–∂–∫–æ–π –ø–æ–ø—É–ª—è—Ä–Ω–æ–≥–æ –∏ –ø—Ä–æ–≤–µ—Ä–µ–Ω–Ω–æ–≥–æ —Ñ–æ—Ä–º–∞—Ç–∞ KeePass (kdbx 3.x –ò kdbx 4.x üéâÔ∏è). –•—Ä–∞–Ω–∏—Ç–µ —Å–≤–æ–∏ –ø–∞—Ä–æ–ª–∏, –¥–µ–ª–∏—Ç–µ—Å—å –∏–º–∏ –Ω–∞ –≤—Å–µ—Ö —Å–≤–æ–∏—Ö —É—Å—Ç—Ä–æ–π—Å—Ç–≤–∞—Ö –∏ –ª–µ–≥–∫–æ –Ω–∞—Ö–æ–¥–∏—Ç–µ –∏—Ö –≤—Å—è–∫–∏–π —Ä–∞–∑, –∫–æ–≥–¥–∞ –≤–∞–º –Ω—É–∂–Ω–æ –≤–æ–π—Ç–∏ –≤ —Å–∏—Å—Ç–µ–º—É.
üóÑ –í—Å–µ –≤–∞—à–∏ –ø–∞—Ä–æ–ª–∏ –≤ –æ–¥–Ω–æ–º –º–µ—Å—Ç–µ.
üß¨ –°–æ–∑–¥–∞–π—Ç–µ –±–µ–∑–æ–ø–∞—Å–Ω—ã–µ —Å–ª—É—á–∞–π–Ω—ã–µ –ø–∞—Ä–æ–ª–∏ –¥–ª—è –∫–∞–∂–¥–æ–π –∏–∑ –≤–∞—à–∏—Ö —É—á–µ—Ç–Ω—ã—Ö –∑–∞–ø–∏—Å–µ–π.
üîç –°–ª–µ–¥–∏—Ç–µ –∑–∞ —Å–≤–æ–∏–º–∏ —É—á–µ—Ç–Ω—ã–º–∏ –∑–∞–ø–∏—Å—è–º–∏ –≤ –ò–Ω—Ç–µ—Ä–Ω–µ—Ç–µ.
üñ• –ü—Ä–∏–ª–æ–∂–µ–Ω–∏–µ –¥–æ—Å—Ç—É–ø–Ω–æ –¥–ª—è Mac, iPhone, iPad, —Ç–µ–ª–µ—Ñ–æ–Ω–æ–≤ –∏ –ø–ª–∞–Ω—à–µ—Ç–æ–≤ –Ω–∞ –±–∞–∑–µ Android, Linux –∏ Windows.
üìÇ –û—Ç–∫—Ä–æ–π—Ç–µ –Ω–µ—Å–∫–æ–ª—å–∫–æ —Ñ–∞–π–ª–æ–≤ –ø–∞—Ä–æ–ª–µ–π –æ–¥–Ω–æ–≤—Ä–µ–º–µ–Ω–Ω–æ (–Ω–∞–ø—Ä–∏–º–µ—Ä, –æ–¥–∏–Ω –¥–ª—è —Ä–∞–±–æ—Ç—ã, –æ–¥–∏–Ω –¥–ª—è –ª–∏—á–Ω–æ–≥–æ –ø–æ–ª—å–∑–æ–≤–∞–Ω–∏—è - –∏–ª–∏ –¥–∞–∂–µ –ø–æ–¥–µ–ª–∏—Ç–µ—Å—å —Å–≤–æ–∏–º–∏ —Ñ–∞–π–ª–∞–º–∏ –ø–∞—Ä–æ–ª–µ–π —Å –∫–æ–ª–ª–µ–≥–∞–º–∏)
ü§ì –û—Ç–∫—Ä—ã—Ç—ã–π –∏—Å—Ö–æ–¥–Ω—ã–π –∫–æ–¥ –¥–æ—Å—Ç—É–ø–µ–Ω –Ω–∞ https://github.com/authpass/authpass/
üî¶ –¢–µ–º–Ω–∞—è —Ç–µ–º–∞ üòéÔ∏è
=== –ü–û–î –í–ê–®–ò–ú –ö–û–ù–¢–†–û–õ–ï–ú ===
AuthPass —Ö—Ä–∞–Ω–∏—Ç –≤—Å–µ –≤–∞—à–∏ –ø–∞—Ä–æ–ª–∏ –≤ –æ—Ç–∫—Ä—ã—Ç–æ–º —Ñ–æ—Ä–º–∞—Ç–µ Keepass, –∏–º–µ–Ω–Ω–æ —Ç–∞–º, –≥–¥–µ –≤—ã —Ö–æ—Ç–∏—Ç–µ. –û–Ω –Ω–µ –æ—Ç–ø—Ä–∞–≤–ª—è–µ—Ç –≤–∞—à–∏ –ø–∞—Ä–æ–ª–∏ –Ω–∞ –Ω–∞—à–∏ —Å–µ—Ä–≤–µ—Ä—ã. –ù–æ AuthPass –ø–æ–¥–¥–µ—Ä–∂–∏–≤–∞–µ—Ç —Å–æ—Ö—Ä–∞–Ω–µ–Ω–∏–µ –≤:
‚úÖÔ∏è –í—Å—Ç—Ä–æ–µ–Ω–Ω–∞—è –∏–Ω—Ç–µ–≥—Ä–∞—Ü–∏—è —Å Google –î–∏—Å–∫–æ–º
‚úÖÔ∏è –í—Å—Ç—Ä–æ–µ–Ω–Ω–∞—è –∏–Ω—Ç–µ–≥—Ä–∞—Ü–∏—è —Å Dropbox
‚úÖÔ∏è –í—Å—Ç—Ä–æ–µ–Ω–Ω–∞—è –ø–æ–¥–¥–µ—Ä–∂–∫–∞ WebDAV –¥–ª—è —Ö—Ä–∞–Ω–µ–Ω–∏—è –≤ –≤–∞—à–µ–º —Å–æ–±—Å—Ç–≤–µ–Ω–Ω–æ–º NextCloud –∏–ª–∏ ownCloud (–∏–ª–∏ –∞–Ω–∞–ª–æ–≥–∏—á–Ω–æ–º)
‚úÖÔ∏è –í—Å—Ç—Ä–æ–µ–Ω–Ω–∞—è –∏–Ω—Ç–µ–≥—Ä–∞—Ü–∏—è —Å Microsoft OneDrive
=== –ü–û–õ–ù–û–§–£–ù–ö–¶–ò–û–ù–ê–õ–¨–ù–´–ô, –ë–ï–ó –†–ï–ö–õ–ê–ú–´, –ë–ï–ó –ü–û–î–ü–ò–°–ö–ò ===
–í –ø—Ä–æ–µ–∫—Ç–µ —Å –æ—Ç–∫—Ä—ã—Ç—ã–º –∏—Å—Ö–æ–¥–Ω—ã–º –∫–æ–¥–æ–º –Ω–µ—Ç –∏—Å–∫—É—Å—Å—Ç–≤–µ–Ω–Ω—ã—Ö –æ–≥—Ä–∞–Ω–∏—á–µ–Ω–∏–π —Ñ—É–Ω–∫—Ü–∏–π, –Ω–µ—Ç —Ä–µ–∫–ª–∞–º—ã –∏ –Ω–µ—Ç —Ç—Ä–µ–±–æ–≤–∞–Ω–∏–π –∫ –ø–ª–∞—Ç–µ–∂–∞–º.
–í–∫–ª–∞–¥ –ø—Ä–∏–≤–µ—Ç—Å—Ç–≤—É–µ—Ç—Å—è –∏ –ø–æ–æ—â—Ä—è–µ—Ç—Å—è üòÖÔ∏è (–í—Å–µ–≥–¥–∞ –∏—â—É —Ä–∞–∑—Ä–∞–±–æ—Ç—á–∏–∫–æ–≤, –ø–µ—Ä–µ–≤–æ–¥—á–∏–∫–æ–≤, –∞–≤—Ç–æ—Ä–æ–≤ –¥–æ–∫—É–º–µ–Ω—Ç–∞—Ü–∏–∏, –¥–∏–∑–∞–π–Ω–µ—Ä–æ–≤ –ø–æ–ª—å–∑–æ–≤–∞—Ç–µ–ª—å—Å–∫–æ–≥–æ –∏–Ω—Ç–µ—Ä—Ñ–µ–π—Å–∞ –∏ —Ç. –î. :) ), –ü—Ä–æ—Å—Ç–æ –ø—Ä–∏—Å–æ–µ–¥–∏–Ω—è–π—Ç–µ—Å—å –∫ –Ω–∞—à–µ–º—É –∫–∞–Ω–∞–ª—É discord: https://authpass.app/go/discord
=== –í –°–¢–ê–î–ò–ò –ê–ö–¢–ò–í–ù–û–ô –†–ê–ó–†–ê–ë–û–¢–ö–ò üõ†Ô∏è ===
–≠—Ç–æ –ø—Ä–æ–µ–∫—Ç —Å –æ—Ç–∫—Ä—ã—Ç—ã–º –∏—Å—Ö–æ–¥–Ω—ã–º –∫–æ–¥–æ–º, –∫–æ—Ç–æ—Ä—ã–π –≤—Å–µ –µ—â–µ –Ω–∞—Ö–æ–¥–∏—Ç—Å—è –≤ —Å—Ç–∞–¥–∏–∏ –∏–Ω—Ç–µ–Ω—Å–∏–≤–Ω–æ–π —Ä–∞–∑—Ä–∞–±–æ—Ç–∫–∏, –¥–æ–±–∞–≤–ª—è—è –Ω–æ–≤—ã–µ —Ñ—É–Ω–∫—Ü–∏–∏. –ú—ã –±—É–¥–µ–º —Ä–∞–¥—ã –≤–∞—à–∏–º –æ—Ç–∑—ã–≤–∞–º –ø–æ —ç–ª–µ–∫—Ç—Ä–æ–Ω–Ω–æ–π –ø–æ—á—Ç–µ –∏–ª–∏ –Ω–∞ —Å–∞–π—Ç–µ –æ—Ç—Å–ª–µ–∂–∏–≤–∞–Ω–∏—è –ø—Ä–æ–±–ª–µ–º –ø–æ –∞–¥—Ä–µ—Å—É https://github.com/authpass/authpass/issues/
–¢–∞–∫–∂–µ –ø—Ä–∏—Å–æ–µ–¥–∏–Ω—è–π—Ç–µ—Å—å –∫ —Å–æ–æ–±—â–µ—Å—Ç–≤—É –Ω–∞ –Ω–∞—à–µ–º —Ñ–æ—Ä—É–º–µ: https://forum.authpass.app/
","Windows Store listing description https://docs.microsoft.com/en-us/windows/uwp/publish/write-a-great-app-description","",""
"microsoft-store-windows-short-descriptoin","–ó–∞—â–∏—â–∞–π—Ç–µ –≤–∞—à–∏ –ø–∞—Ä–æ–ª–∏ –∏ —É—á–µ—Ç–Ω—ã–µ –∑–∞–ø–∏—Å–∏ –Ω–∞ –≤—Å–µ—Ö –ø–ª–∞—Ç—Ñ–æ—Ä–º–∞—Ö –∏ —É—Å—Ç—Ä–æ–π—Å—Ç–≤–∞—Ö. –ë–µ—Å–ø–ª–∞—Ç–Ω—ã–π –∏ –æ—Ç–∫—Ä—ã—Ç—ã–π –º–µ–Ω–µ–¥–∂–µ—Ä –ø–∞—Ä–æ–ª–µ–π —Å –ø–æ–¥–¥–µ—Ä–∂–∫–æ–π —Ñ–∞–π–ª–æ–≤ –ø–∞—Ä–æ–ª–µ–π kdbx.","short description for windows store 
A shorter, catchy description that may be used in the top of your product‚Äôs Store listing
Recommended length: 270 characters or fewer
","1000",""
"microsoft-store-windows-features","* –ë–µ–∑–æ–ø–∞—Å–Ω–æ —Ö—Ä–∞–Ω–∏—Ç–µ –≤–∞—à–∏ –ø–∞—Ä–æ–ª–∏
* Open Source
* –ü–æ–¥–¥–µ—Ä–∂–∫–∞ —Å—Ç–∞–Ω–¥–∞—Ä—Ç–Ω—ã—Ö —Ñ–∞–π–ª–æ–≤ KeePass (kdbx)
* –°–∏–Ω—Ö—Ä–æ–Ω–∏–∑–∞—Ü–∏—è –º–µ–∂–¥—É –≤–∞—à–∏–º–∏ —É—Å—Ç—Ä–æ–π—Å—Ç–≤–∞–º–∏ —Å —Å–µ—Ä–≤–∏—Å–∞–º–∏ —Ö—Ä–∞–Ω–µ–Ω–∏—è –¥–∞–Ω–Ω—ã—Ö.","Short summaries of your product's key features
Displayed as bulleted list
Up to 20 app features
(max 200 characters each)","",""
"microsoft-store-windows-search-terms","* –º–µ–Ω–µ–¥–∂–µ—Ä –ø–∞—Ä–æ–ª–µ–π
* authpass
* kdbx
* keepass
* –≥–µ–Ω–µ—Ä–∞—Ç–æ—Ä –ø–∞—Ä–æ–ª–µ–π","search terms for the microsoft store

Up to 7 search terms
40 character limit for each search term
No more than 21 separate words across all search terms","",""
