"playstore_full_description","¬°Mantenga un seguimiento f√°cil y seguro de todas sus contrase√±as!

AuthPass es un administrador de contrase√±as independiente compatible con el popular y probado formato <strong>KeePass</strong> (kdbx 3.x Y kdbx 4.x üéâÔ∏è). Almacene sus contrase√±as, <strong>comp√°rtalas en todos sus dispositivos</strong> y b√∫squelas f√°cilmente cuando necesite iniciar sesi√≥n.

üóÑ Todas tus contrase√±as en un solo lugar.
üß¨ Genere contrase√±as aleatorias seguras para cada una de sus cuentas.
üîê Desbloqueo r√°pido asegurado con sistema biom√©trico.
üîç Realice un seguimiento de sus cuentas en la web.
üñ• Aplicaci√≥n disponible para Mac, iPhone, iPad, tel√©fonos y tabletas Android, Linux y Windows.
üìÇ Abra varios archivos de contrase√±as al mismo tiempo (por ejemplo, uno para el trabajo, uno personal, o incluso comparta sus archivos de contrase√±as con compa√±eros de trabajo)
ü§ì C√≥digo abierto disponible en https://github.com/authpass/authpass/
‚úç Autocomplete sus contrase√±as (Android 9+, soporte en el navegador solo desde Android 10+)
üî¶ Tema oscuro üòéÔ∏è


<strong>=== BAJO SU CONTROL ===</strong>
AuthPass almacena todas sus contrase√±as en el formato abierto Keepass, exactamente donde lo desea. No env√≠a sus contrase√±as a nuestros servidores. Pero AuthPass admite guardar en:

‚úÖÔ∏è Cualquier proveedor de contenido local de Android
‚úÖÔ∏è Integraci√≥n nativa de Google Drive
‚úÖÔ∏è Integraci√≥n nativa de Dropbox
‚úÖÔ∏è Soporte nativo de WebDAV para almacenar en su propio NextCloud u OwnCloud (o similar)
‚úÖÔ∏è Integraci√≥n nativa de Microsoft OneDrive

<b>=== PRESTACIONES COMPLETAS, SIN ANUNCIOS, SIN SUSCRIPCI√ìN ===</b>
Como proyecto de c√≥digo abierto, no existen restricciones de funciones artificiales, anuncios ni requisitos de pago.

<strong>Las contribuciones son bienvenidas!</strong> üòÖÔ∏è (Siempre buscando desarrolladores, traductores, redactores de documentaci√≥n, dise√±adores de interfaz de usuario, etc. :) ), solo √∫nase a nuestro <a href=""https://authpass.app/go/discord "">canal de discord</a>.

<b>=== EN DESARROLLO ACTIVO üõ†Ô∏è ===</b>
Este es un proyecto de c√≥digo abierto que a√∫n se encuentra en un gran desarrollo, agregando caracter√≠sticas. Nos encantar√≠a recibir sus comentarios por correo electr√≥nico o en el <a href=""https://github.com/authpass/authpass/issues/""> rastreador de problemas </a> en https://github.com/authpass/authpass/issues/

√önase tambi√©n a la comunidad en nuestro <a href=""https://authpass.app/go/discord""> canal de discord </a> en https://authpass.app/go/discord
","Google Play Store description","4000",""
"playstore_title","AuthPass - Gestor de contrase√±as con KeePass","Google Play Title","50",""
"playstore_short_description","Mant√©n tus contrase√±as y cuentas seguras en toda plataforma y dispositivo.","Short description in play store.","80",""
"apple-appstore-title","AuthPass - Gestor de passwords","","30",""
"apple-appstore-subtitle","Una contrase√±a para todo.","apple-appstore-subtitle -- Used as subtitle in Apple App Store, feel free to be creative ;-) Does not have to match english original, must just be a catchy phrase for the app store.","30",""
"apple-appstore-description","¬°Mantenga un seguimiento f√°cil y seguro de todas sus contrase√±as!

AuthPass es un administrador de contrase√±as independiente compatible con el popular y probado formato KeePass. Almacene sus contrase√±as, comp√°rtalas en todos sus dispositivos y b√∫squelas f√°cilmente cuando necesite iniciar sesi√≥n.

‚Ä¢ Todas tus contrase√±as en un solo lugar.
‚Ä¢ Genere contrase√±as aleatorias seguras para cada una de sus cuentas.
‚Ä¢ Desbloqueo r√°pido asegurado con sistema biom√©trico.
‚Ä¢ Realice un seguimiento de sus cuentas en la web.
‚Ä¢ Aplicaci√≥n disponible en todas las plataformas, entre ellas Mac, iPhone e iPad.
‚Ä¢ Abra varios archivos de contrase√±as al mismo tiempo (por ejemplo, uno para el trabajo, uno personal, o incluso comparta sus archivos de contrase√±as con compa√±eros de trabajo)
‚Ä¢ Guarde contrase√±as de un solo uso basadas en tiempo para A2F (autenticaci√≥n de dos factores)
‚Ä¢ Adjunte archivos binarios en los campos de contrase√±as. (Como TANs offline, etc)
‚Ä¢ C√≥digo abierto disponible en https://github.com/authpass/authpass/
‚Ä¢ Tema oscuro ;-)


=== BAJO SU CONTROL ===

AuthPass almacena todas sus contrase√±as en el formato abierto Keepass, exactamente donde lo desea. No env√≠a sus contrase√±as a nuestros servidores. Pero AuthPass admite guardar en:

‚Ä¢ Cualquier proveedor de documentos locales, como iCloud
‚Ä¢ Integraci√≥n nativa de Google Drive
‚Ä¢ Integraci√≥n nativa de Dropbox
‚Ä¢ Soporte nativo de WebDAV para almacenar en su propio NextCloud u OwnCloud (o similar)
‚Ä¢ Integraci√≥n nativa de Microsoft OneDrive


=== PRESTACIONES COMPLETAS, SIN ANUNCIOS, SIN SUSCRIPCI√ìN ===

Como proyecto de c√≥digo abierto, no existen restricciones de funciones artificiales, anuncios ni requisitos de pago.

Las contribuciones son bienvenidas! :-) (Siempre buscando desarrolladores, traductores, redactores de documentaci√≥n, dise√±adores de interfaz de usuario, etc. :) ), solo √∫nase a nuestro canal de discord: https://authpass.app/go/discord .


=== EN DESARROLLO ACTIVO ===

Este es un proyecto de c√≥digo abierto que a√∫n se encuentra en un gran desarrollo, agregando caracter√≠sticas. Nos encantar√≠a recibir sus comentarios por correo electr√≥nico o en el rastreador de problemas: https://github.com/authpass/authpass/issues/

√önase tambi√©n a la comunidad en nuestro canal de discord en https://authpass.app/go/discord
","apple-appstore-description --- see my comment, this is essentially the same as the playstore_full_description just slight modifications for apple.","4000",""
"apple-appstore-keywords","Gestor de contrase√±as, password, Keepass, Kdbx, webdav, icloud, nextcloud, onedrive, google drive","apple-appstore-keywords - Keywords used for searching in the apple app store. Does not have to be a 1:1 translation, choose keywords that mak sense.","100",""

"microsoft-store-windows","¬°Haga un seguimiento f√°cil y seguro de todas tus contrase√±as!

AuthPass es un gestor de contrase√±as con soporte para el popular y probado formato KeePass (kdbx 3.x Y kdbx 4.x üéâ). Almacene, comparta y encuentre sus contrase√±as f√°cilmente en todos sus dispositivos cuando necesite iniciar sesi√≥n.

üóÑTodas sus contrase√±as en un solo lugar.
üß¨ Genera contrase√±as aleatorias seguras para cada una de sus cuentas.
üîç Lleva un registro de sus cuentas a trav√©s de la web.
üñ• Aplicaci√≥n disponible para Mac, iPhone, iPad, tel√©fonos Android y Tablets, Linux y Windows.
üìÇ Abra m√∫ltiples archivos de contrase√±as al mismo tiempo (Ej: una para el trabajo, una personal - o incluso para compartir tus archivos de contrase√±a con colegas)
ü§ì C√≥digo abierto disponible en https://github.com/authpass/authpass/
üî¶ Tema oscuro üòé


=== BAJO TU CONTROL ===
AuthPass almacena todas tus contrase√±as en el formato abierto de Keepass, exactamente donde lo desea. No env√≠a sus contrase√±as a nuestros servidores. Pero AuthPass soporta guardar a:

‚úÖ Integraci√≥n nativa de Google Drive
‚úÖ Integraci√≥n nativa de Dropbox
‚úÖ Soporte nativo WebDAV para almacenar en su propia NextCloud u OwnCloud (o similar)
‚úÖ Integraci√≥n nativa de Microsoft OneDrive

=== TODAS LAS PRESTACIONES, SIN ANUNCIOS, SIN SUBSCRIPCI√ìN ===
Como proyecto de c√≥digo abierto no hay restricciones de caracter√≠sticas, no hay anuncios ni requisitos para pagos.

Contribuciones bienvenidas y alentadas üòÖ (Siempre buscando desarrolladores, traductores, escritores de documentaci√≥n, dise√±adores de interfaz de usuario, etc.) ), simplemente √∫nase a nuestro canal de discord: https://authpass.app/go/discord

=== BAJO DESARROLLO ACTIVO üõ†Ô∏è ===
Este es un proyecto de c√≥digo abierto que todav√≠a est√° bajo un desarrollo intenso, agregando caracter√≠sticas. Nos encantar√≠a tu opini√≥n por correo electr√≥nico o sobre el seguimiento de incidencias en https://github.com/authpass/authpass/issues/

Tambi√©n √∫nete a la comunidad en nuestro foro: https://forum.authpass.app/
","Windows Store listing description https://docs.microsoft.com/en-us/windows/uwp/publish/write-a-great-app-description","",""
"microsoft-store-windows-short-descriptoin","Mantenga sus contrase√±as y cuentas seguras en todas las plataformas y dispositivos. Gestor de contrase√±as gratis y de c√≥digo abierto con soporte para archivos de contrase√±as kdbx.","short description for windows store 
A shorter, catchy description that may be used in the top of your product‚Äôs Store listing
Recommended length: 270 characters or fewer
","1000",""
"microsoft-store-windows-features","* Almacene de forma segura sus contrase√±as
* C√≥digo abierto
* Soporte para archivos KeePass (kdbx)
* Sincronize sus dispositivos con servicios de almacenamiento en la nube.","Short summaries of your product's key features
Displayed as bulleted list
Up to 20 app features
(max 200 characters each)","",""
"microsoft-store-windows-search-terms","* gestor de contrase√±as
* authpass
* kdbx
* keepass
* generador de contrase√±as","search terms for the microsoft store

Up to 7 search terms
40 character limit for each search term
No more than 21 separate words across all search terms","",""
