"playstore_full_description","–õ–µ–≥–∫–æ —ñ –±–µ–∑–ø–µ—á–Ω–æ –∑–±–µ—Ä—ñ–≥–∞–π—Ç–µ –≤—Å—ñ —Å–≤–æ—ó –ø–∞—Ä–æ–ª—ñ!

AuthPass ‚Äî —Ü–µ –∞–≤—Ç–æ–Ω–æ–º–Ω–∏–π –º–µ–Ω–µ–¥–∂–µ—Ä –ø–∞—Ä–æ–ª—ñ–≤ —ñ–∑ –ø—ñ–¥—Ç—Ä–∏–º–∫–æ—é –ø–æ–ø—É–ª—è—Ä–Ω–æ–≥–æ —Ç–∞ –ø–µ—Ä–µ–≤—ñ—Ä–µ–Ω–æ–≥–æ —Ñ–æ—Ä–º–∞—Ç—É <strong>KeePass</strong> (kdbx 3.x —Ç–∞ kdbx 4.x üéâÔ∏è). –ó–±–µ—Ä—ñ–≥–∞–π—Ç–µ —Å–≤–æ—ó –ø–∞—Ä–æ–ª—ñ, –¥—ñ–ª—ñ—Ç—å—Å—è –Ω–∏–º–∏ –Ω–∞ <strong>–≤—Å—ñ—Ö —Å–≤–æ—ó—Ö –ø—Ä–∏—Å—Ç—Ä–æ—è—Ö</strong> —Ç–∞ –ª–µ–≥–∫–æ –∑–Ω–∞—Ö–æ–¥—å—Ç–µ —ó—Ö, –∫–æ–ª–∏ –≤–∞–º –ø–æ—Ç—Ä—ñ–±–Ω–æ —É–≤—ñ–π—Ç–∏ –≤ –æ–±–ª—ñ–∫–æ–≤–∏–π –∑–∞–ø–∏—Å.

üóÑ –í—Å—ñ –≤–∞—à—ñ –ø–∞—Ä–æ–ª—ñ –≤ –æ–¥–Ω–æ–º—É –º—ñ—Å—Ü—ñ.
üß¨ –ì–µ–Ω–µ—Ä—É–π—Ç–µ –±–µ–∑–ø–µ—á–Ω—ñ –≤–∏–ø–∞–¥–∫–æ–≤—ñ –ø–∞—Ä–æ–ª—ñ –¥–ª—è –∫–æ–∂–Ω–æ–≥–æ –∑ –≤–∞—à–∏—Ö –æ–±–ª—ñ–∫–æ–≤–∏—Ö –∑–∞–ø–∏—Å—ñ–≤.
üîê –®–≤–∏–¥–∫–µ —Ä–æ–∑–±–ª–æ–∫—É–≤–∞–Ω–Ω—è –∑–∞ –¥–æ–ø–æ–º–æ–≥–æ—é –±—ñ–æ–º–µ—Ç—Ä–∏—á–Ω–æ–≥–æ –∑–∞–º–∫–∞.
üîç –í—ñ–¥—Å—Ç–µ–∂—É–π—Ç–µ —Å–≤–æ—ó –∞–∫–∞—É–Ω—Ç–∏ –≤ –Ü–Ω—Ç–µ—Ä–Ω–µ—Ç—ñ.
–î–æ–¥–∞—Ç–æ–∫ –¥–æ—Å—Ç—É–ø–Ω–∏–π –¥–ª—è Mac, iPhone, iPad, —Ç–µ–ª–µ—Ñ–æ–Ω—ñ–≤ —Ç–∞ –ø–ª–∞–Ω—à–µ—Ç—ñ–≤ Android, Linux —Ç–∞ Windows.
üìÇ –í—ñ–¥–∫—Ä–∏–≤–∞–π—Ç–µ –∫—ñ–ª—å–∫–∞ —Ñ–∞–π–ª—ñ–≤ –ø–∞—Ä–æ–ª—ñ–≤ –æ–¥–Ω–æ—á–∞—Å–Ω–æ (–Ω–∞–ø—Ä–∏–∫–ª–∞–¥, –æ–¥–∏–Ω –¥–ª—è —Ä–æ–±–æ—á–∏—Ö, –æ–¥–∏–Ω –¥–ª—è –æ—Å–æ–±–∏—Å—Ç–∏—Ö - –∞–±–æ –Ω–∞–≤—ñ—Ç—å –¥—ñ–ª—ñ—Ç—å—Å—è —Å–≤–æ—ó–º–∏ —Ñ–∞–π–ª–∞–º–∏ –ø–∞—Ä–æ–ª—ñ–≤ –∑ –∫–æ–ª–µ–≥–∞–º–∏)
ü§ì –í—ñ–¥–∫—Ä–∏—Ç–∏–π –≤–∏—Ö—ñ–¥–Ω–∏–π –∫–æ–¥ –¥–æ—Å—Ç—É–ø–Ω–∏–π –Ω–∞ https://github.com/authpass/authpass/
‚úç –ê–≤—Ç–æ–º–∞—Ç–∏—á–Ω–µ –∑–∞–ø–æ–≤–Ω–µ–Ω–Ω—è –ø–∞—Ä–æ–ª—ñ–≤ (Android 9+, –ø—ñ–¥—Ç—Ä–∏–º–∫–∞ –≤ –±—Ä–∞—É–∑–µ—Ä—ñ —Ç—ñ–ª—å–∫–∏ –∑ Android 10+)
üî¶ –¢–µ–º–Ω–∞ —Ç–µ–º–∞ üòéÔ∏è


<strong>=== –ü–Ü–î –¢–í–û–á–ú –ö–û–ù–¢–†–û–õ–ï–ú ===</strong>
AuthPass –∑–±–µ—Ä—ñ–≥–∞—î –≤—Å—ñ –≤–∞—à—ñ –ø–∞—Ä–æ–ª—ñ —É –≤—ñ–¥–∫—Ä–∏—Ç–æ–º—É —Ñ–æ—Ä–º–∞—Ç—ñ Keepass, —Å–∞–º–µ —Ç–∞–º, –¥–µ –í–∏ —Ü—å–æ–≥–æ —Ö–æ—á–µ—Ç–µ. –ú–∏ –Ω–µ –Ω–∞–¥—Å–∏–ª–∞—î–º–æ –≤–∞—à—ñ –ø–∞—Ä–æ–ª—ñ –Ω–∞ –Ω–∞—à—ñ —Å–µ—Ä–≤–µ—Ä–∏. –ü—Ä–æ—Ç–µ AuthPass –ø—ñ–¥—Ç—Ä–∏–º—É—î –∑–±–µ—Ä–µ–∂–µ–Ω–Ω—è –Ω–∞:

‚úÖÔ∏è –ë—É–¥—å-—è–∫–∏–π –ª–æ–∫–∞–ª—å–Ω–∏–π —Ñ–∞–π–ª –º–µ–Ω–µ–¥–∂–µ—Ä Android
‚úÖÔ∏è –Ü–Ω—Ç–µ–≥—Ä–∞—Ü—ñ—è –∑ Google –î–∏—Å–∫–æ–º
‚úÖÔ∏è –Ü–Ω—Ç–µ–≥—Ä–∞—Ü—ñ—è –∑ Dropbox
‚úÖÔ∏è –ù–∞—Ç–∏–≤–Ω–∞ –ø—ñ–¥—Ç—Ä–∏–º–∫–∞ WebDAV –¥–ª—è –∑–±–µ—Ä—ñ–≥–∞–Ω–Ω—è —É –≤–∞—à–æ–º—É –≤–ª–∞—Å–Ω–æ–º—É NextCloud –∞–±–æ OwnCloud (–∞–±–æ –ø–æ–¥—ñ–±–Ω–æ–º—É)
‚úÖÔ∏è –Ü–Ω—Ç–µ–≥—Ä–∞—Ü—ñ—è –∑ Microsoft OneDrive

<b>=== –ü–û–í–ù–û–§–£–ù–ö–¶–Ü–û–ù–ê–õ–¨–ù–ò–ô, –ë–ï–ó –†–ï–ö–õ–ê–ú–ò, –ë–ï–ó –ü–Ü–î–ü–ò–°–ö–ò ===</b>
–û—Å–∫—ñ–ª—å–∫–∏ —Ü–µ –ø—Ä–æ–µ–∫—Ç –∑ –≤—ñ–¥–∫—Ä–∏—Ç–∏–º –≤–∏—Ö—ñ–¥–Ω–∏–º –∫–æ–¥–æ–º, –Ω–µ–º–∞—î —à—Ç—É—á–Ω–∏—Ö –æ–±–º–µ–∂–µ–Ω—å —Ñ—É–Ω–∫—Ü—ñ–π, –Ω–µ–º–∞—î —Ä–µ–∫–ª–∞–º–∏ —ñ –Ω–µ–º–∞—î –≤–∏–º–æ–≥ —â–æ–¥–æ –æ–ø–ª–∞—Ç–∏.

<strong>–í–Ω–µ—Å–∫–∏ –≤—ñ—Ç–∞—é—Ç—å—Å—è —ñ –∑–∞–æ—Ö–æ—á—É—é—Ç—å—Å—è üòÖÔ∏è</strong> (–ó–∞–≤–∂–¥–∏ —à—É–∫–∞—î–º–æ —Ä–æ–∑—Ä–æ–±–Ω–∏–∫—ñ–≤, –ø–µ—Ä–µ–∫–ª–∞–¥–∞—á—ñ–≤, –∞–≤—Ç–æ—Ä—ñ–≤ –¥–æ–∫—É–º–µ–Ω—Ç–∞—Ü—ñ—ó, –¥–∏–∑–∞–π–Ω–µ—Ä—ñ–≤ —ñ —Ç.–¥. :), –ø—Ä–æ—Å—Ç–æ –ø—Ä–∏—î–¥–Ω—É–π—Ç–µ—Å—å –¥–æ –Ω–∞—à–æ–≥–æ <a href=""https://authpass.app/go/discord"">–∫–∞–Ω–∞–ª—É discord</a>.

<b>=== –í –ê–ö–¢–ò–í–ù–Ü–ô –†–û–ó–†–û–ë–¶–Ü üõ†Ô∏è ===</b>
–¶–µ –ø—Ä–æ–µ–∫—Ç –∑ –≤—ñ–¥–∫—Ä–∏—Ç–∏–º –≤–∏—Ö—ñ–¥–Ω–∏–º –∫–æ–¥–æ–º, —è–∫–∏–π –≤—Å–µ —â–µ –ø–µ—Ä–µ–±—É–≤–∞—î –≤ —Å—Ç–∞–¥—ñ—ó –∞–∫—Ç–∏–≤–Ω–æ—ó —Ä–æ–∑—Ä–æ–±–∫–∏, –¥–æ–¥–∞–≤–∞–Ω–Ω—è —Ñ—É–Ω–∫—Ü—ñ–π. –ú–∏ –±—É–¥–µ–º–æ —Ä–∞–¥—ñ –≤–∞—à–∏–º –≤—ñ–¥–≥—É–∫–∞–º –ø–æ –µ–ª–µ–∫—Ç—Ä–æ–Ω–Ω—ñ–π –ø–æ—à—Ç—ñ –∞–±–æ –Ω–∞ <a href=""https://github.com/authpass/authpass/issues/"">–ø–∞–Ω–µ–ª—ñ –≤—ñ–¥—Å—Ç–µ–∂–µ–Ω–Ω—è –ø—Ä–æ–±–ª–µ–º</a>.

–¢–∞–∫–æ–∂ –ø—Ä–∏—î–¥–Ω—É–π—Ç–µ—Å—å –¥–æ —Å–ø—ñ–ª—å–Ω–æ—Ç–∏ –Ω–∞ –Ω–∞—à–æ–º—É —Ñ–æ—Ä—É–º—ñ: https://forum.authpass.app/
","Google Play Store description","4000",""
"playstore_title","AuthPass ‚Äì —Å—É–º—ñ—Å–Ω–∏–π –∑ KeePass –º–µ–Ω–µ–¥–∂–µ—Ä –ø–∞—Ä–æ–ª—ñ–≤","Google Play Title","50",""
"playstore_short_description","–ó–±–µ—Ä—ñ–≥–∞–π—Ç–µ —Å–≤–æ—ó –ø–∞—Ä–æ–ª—ñ —Ç–∞ –∞–∫–∫–∞—É–Ω—Ç–∏ –≤ –±–µ–∑–ø–µ—Ü—ñ –Ω–∞ –≤—Å—ñ—Ö –ø–ª–∞—Ç—Ñ–æ—Ä–º–∞—Ö —ñ –ø—Ä–∏—Å—Ç—Ä–æ—è—Ö.","Short description in play store.","80",""
"apple-appstore-title","AuthPass ‚Äì –ú–µ–Ω–µ–¥–∂–µ—Ä –ø–∞—Ä–æ–ª—ñ–≤","","30",""
"apple-appstore-subtitle","–¢–≤–æ—ó –ø–∞—Ä–æ–ª—ñ –ø—ñ–¥ —Ä—É–∫–æ—é.","apple-appstore-subtitle -- Used as subtitle in Apple App Store, feel free to be creative ;-) Does not have to match english original, must just be a catchy phrase for the app store.","30",""
"apple-appstore-description","–õ–µ–≥–∫–æ —Ç–∞ –±–µ–∑–ø–µ—á–Ω–æ –∑–±–µ—Ä—ñ–≥–∞–π—Ç–µ –≤—Å—ñ —Å–≤–æ—ó –ø–∞—Ä–æ–ª—ñ!

AuthPass ‚îÄ —Ü–µ –æ–∫—Ä–µ–º–∏–π –º–µ–Ω–µ–¥–∂–µ—Ä –ø–∞—Ä–æ–ª—ñ–≤ –∑ –ø—ñ–¥—Ç—Ä–∏–º–∫–æ—é –ø–æ–ø—É–ª—è—Ä–Ω–æ–≥–æ —ñ –ø–µ—Ä–µ–≤—ñ—Ä–µ–Ω–æ–≥–æ —á–∞—Å–æ–º —Ñ–æ—Ä–º–∞—Ç—É KeePass. –ó–±–µ—Ä—ñ–≥–∞–π—Ç–µ —Å–≤–æ—ó –ø–∞—Ä–æ–ª—ñ, –¥—ñ–ª—ñ—Ç—å—Å—è –Ω–∏–º–∏ –∑ —É—Å—ñ–º–∞ –ø—Ä–∏—Å—Ç—Ä–æ—è–º–∏ —Ç–∞ –ª–µ–≥–∫–æ –∑–Ω–∞—Ö–æ–¥—å—Ç–µ —ó—Ö, –∫–æ–ª–∏ –≤–∞–º –ø–æ—Ç—Ä—ñ–±–Ω–æ —É–≤—ñ–π—Ç–∏ –≤ —Å–∏—Å—Ç–µ–º—É.

‚Ä¢ –í—Å—ñ –≤–∞—à—ñ –ø–∞—Ä–æ–ª—ñ –≤ –æ–¥–Ω–æ–º—É –º—ñ—Å—Ü—ñ.
‚Ä¢ –°—Ç–≤–æ—Ä—é–π—Ç–µ –Ω–∞–¥—ñ–π–Ω—ñ –≤–∏–ø–∞–¥–∫–æ–≤—ñ –ø–∞—Ä–æ–ª—ñ –¥–ª—è –∫–æ–∂–Ω–æ–≥–æ –∑ –≤–∞—à–∏—Ö –æ–±–ª—ñ–∫–æ–≤–∏—Ö –∑–∞–ø–∏—Å—ñ–≤.
‚Ä¢ –®–≤–∏–¥–∫–µ —Ä–æ–∑–±–ª–æ–∫—É–≤–∞–Ω–Ω—è –∑–∞ –±—ñ–æ–º–µ—Ç—Ä–∏—á–Ω–∏–º –∫–ª—é—á–µ–º.
‚Ä¢ –í—ñ–¥—Å—Ç–µ–∂—É–π—Ç–µ —Å–≤–æ—ó –∞–∫–∞—É–Ω—Ç–∏ –≤ –Ü–Ω—Ç–µ—Ä–Ω–µ—Ç—ñ.
‚Ä¢ –î–æ–¥–∞—Ç–æ–∫ –¥–æ—Å—Ç—É–ø–Ω–∏–π –Ω–∞ –≤—Å—ñ—Ö –ø–ª–∞—Ç—Ñ–æ—Ä–º–∞—Ö. –°–µ—Ä–µ–¥ –Ω–∏—Ö Mac, iPhone —Ç–∞ iPad.
‚Ä¢ –í—ñ–¥–∫—Ä–∏–≤–∞–π—Ç–µ –∫—ñ–ª—å–∫–∞ —Ñ–∞–π–ª—ñ–≤ –ø–∞—Ä–æ–ª—ñ–≤ –æ–¥–Ω–æ—á–∞—Å–Ω–æ (–Ω–∞–ø—Ä–∏–∫–ª–∞–¥, –æ–¥–∏–Ω –¥–ª—è —Ä–æ–±–æ—á–∏—Ö, –æ–¥–∏–Ω –¥–ª—è –æ—Å–æ–±–∏—Å—Ç–∏—Ö - –∞–±–æ –Ω–∞–≤—ñ—Ç—å –¥—ñ–ª—ñ—Ç—å—Å—è —Å–≤–æ—ó–º–∏ —Ñ–∞–π–ª–∞–º–∏ –ø–∞—Ä–æ–ª—ñ–≤ –∑ –∫–æ–ª–µ–≥–∞–º–∏)
‚Ä¢ –ó–±–µ—Ä—ñ–≥–∞–π—Ç–µ –æ–¥–Ω–æ—Ä–∞–∑–æ–≤—ñ –ø–∞—Ä–æ–ª—ñ –Ω–∞ –æ—Å–Ω–æ–≤—ñ —á–∞—Å—É –¥–ª—è 2fa (–¥–≤–æ—Ñ–∞–∫—Ç–æ—Ä–Ω–æ—ó –∞–≤—Ç–µ–Ω—Ç–∏—Ñ—ñ–∫–∞—Ü—ñ—ó).
‚Ä¢ –ü—Ä–∏–∫—Ä—ñ–ø–ª—é–π—Ç–µ –±—ñ–Ω–∞—Ä–Ω—ñ —Ñ–∞–π–ª–∏ –¥–æ –∑–∞–ø–∏—Å—ñ–≤ –ø–∞—Ä–æ–ª—ñ–≤. (–ù–∞–ø—Ä–∏–∫–ª–∞–¥, –∞–≤—Ç–æ–Ω–æ–º–Ω—ñ TAN-—Ñ–∞–π–ª–∏ —Ç–æ—â–æ)
‚Ä¢ –í—ñ–¥–∫—Ä–∏—Ç–∏–π –≤–∏—Ö—ñ–¥–Ω–∏–π –∫–æ–¥ –¥–æ—Å—Ç—É–ø–Ω–∏–π –Ω–∞ https://github.com/authpass/authpass/
‚Ä¢ –¢–µ–º–Ω–∞ —Ç–µ–º–∞ ;-)


=== –ü–Ü–î –í–ê–®–ò–ú –ö–û–ù–¢–†–û–õ–ï–ú ===

AuthPass –∑–±–µ—Ä—ñ–≥–∞—î –≤—Å—ñ –≤–∞—à—ñ –ø–∞—Ä–æ–ª—ñ —É –≤—ñ–¥–∫—Ä–∏—Ç–æ–º—É —Ñ–æ—Ä–º–∞—Ç—ñ Keepass, —Å–∞–º–µ —Ç–∞–º, –¥–µ –≤–∏ —Ö–æ—á–µ—Ç–µ. –í—ñ–Ω –Ω–µ –Ω–∞–¥—Å–∏–ª–∞—î –≤–∞—à—ñ –ø–∞—Ä–æ–ª—ñ –Ω–∞ –Ω–∞—à—ñ —Å–µ—Ä–≤–µ—Ä–∏. –ü—Ä–æ—Ç–µ AuthPass –ø—ñ–¥—Ç—Ä–∏–º—É—î –∑–±–µ—Ä–µ–∂–µ–Ω–Ω—è –¥–æ:

‚Ä¢ –ë—É–¥—å-—è–∫–µ –ª–æ–∫–∞–ª—å–Ω–µ —Å—Ö–æ–≤–∏—â–µ –¥–æ–∫—É–º–µ–Ω—Ç—ñ–≤, –Ω–∞–ø—Ä–∏–∫–ª–∞–¥, iCloud.
‚Ä¢ –Ü–Ω—Ç–µ–≥—Ä–∞—Ü—ñ—è –∑ Google –î–∏—Å–∫–æ–º
‚Ä¢ –Ü–Ω—Ç–µ–≥—Ä–∞—Ü—ñ—è –∑ Dropbox
‚Ä¢ –í–±—É–¥–æ–≤–∞–Ω–∞ –ø—ñ–¥—Ç—Ä–∏–º–∫–∞ WebDAV –¥–ª—è –∑–±–µ—Ä—ñ–≥–∞–Ω–Ω—è —É –≤–∞—à–æ–º—É –≤–ª–∞—Å–Ω–æ–º—É NextCloud –∞–±–æ OwnCloud (–∞–±–æ –ø–æ–¥—ñ–±–Ω–æ–º—É)
‚Ä¢ –Ü–Ω—Ç–µ–≥—Ä–∞—Ü—ñ—è –∑ Microsoft OneDrive


=== –ü–û–í–ù–û–§–£–ù–ö–¶–Ü–û–ù–ê–õ–¨–ù–ò–ô, –ë–ï–ó –†–ï–ö–õ–ê–ú–ò, –ë–ï–ó –ü–Ü–î–ü–ò–°–ö–ò ===

–û—Å–∫—ñ–ª—å–∫–∏ —Ü–µ –ø—Ä–æ–µ–∫—Ç –∑ –≤—ñ–¥–∫—Ä–∏—Ç–∏–º –≤–∏—Ö—ñ–¥–Ω–∏–º –∫–æ–¥–æ–º, —É –Ω—å–æ–º—É –Ω–µ–º–∞—î —à—Ç—É—á–Ω–∏—Ö –æ–±–º–µ–∂–µ–Ω—å —Ñ—É–Ω–∫—Ü—ñ–π, –Ω–µ–º–∞—î —Ä–µ–∫–ª–∞–º–∏ —ñ –Ω–µ –≤–∏–º–∞–≥–∞—î—Ç—å—Å—è –∂–æ–¥–Ω–∏—Ö –ø–ª–∞—Ç–µ–∂—ñ–≤.

–í–Ω–µ—Å–∫–∏ –≤—ñ—Ç–∞—é—Ç—å—Å—è —ñ –∑–∞–æ—Ö–æ—á—É—é—Ç—å—Å—è :-) (–ú–∏ –∑–∞–≤–∂–¥–∏ —à—É–∫–∞—î–º–æ —Ä–æ–∑—Ä–æ–±–Ω–∏–∫—ñ–≤, –ø–µ—Ä–µ–∫–ª–∞–¥–∞—á—ñ–≤, –∞–≤—Ç–æ—Ä—ñ–≤ –¥–æ–∫—É–º–µ–Ω—Ç–∞—Ü—ñ—ó, –¥–∏–∑–∞–π–Ω–µ—Ä—ñ–≤ —ñ —Ç.–¥. :), –ø—Ä–æ—Å—Ç–æ –ø—Ä–∏—î–¥–Ω—É–π—Ç–µ—Å—å –¥–æ –Ω–∞—à–æ–≥–æ –∫–∞–Ω–∞–ª—É –æ–±–≥–æ–≤–æ—Ä–µ–Ω–Ω—è: https://authpass.app/go/discord.


=== –í –ê–ö–¢–ò–í–ù–Ü–ô –†–û–ó–†–û–ë–¶–Ü ===

–¶–µ –ø—Ä–æ–µ–∫—Ç –∑ –≤—ñ–¥–∫—Ä–∏—Ç–∏–º –≤–∏—Ö—ñ–¥–Ω–∏–º –∫–æ–¥–æ–º, —è–∫–∏–π –≤—Å–µ —â–µ –ø–µ—Ä–µ–±—É–≤–∞—î —É —Å—Ç–∞–¥—ñ—ó –∞–∫—Ç–∏–≤–Ω–æ—ó —Ä–æ–∑—Ä–æ–±–∫–∏, –¥–æ–¥–∞—é—á–∏ –Ω–æ–≤—ñ —Ñ—É–Ω–∫—Ü—ñ—ó. –ú–∏ –±—É–¥–µ–º–æ —Ä–∞–¥—ñ –≤–∞—à–∏–º –≤—ñ–¥–≥—É–∫–∞–º –ø–æ –µ–ª–µ–∫—Ç—Ä–æ–Ω–Ω—ñ–π –ø–æ—à—Ç—ñ –∞–±–æ –Ω–∞ –ø–∞–Ω–µ–ª—ñ –≤—ñ–¥—Å—Ç–µ–∂–µ–Ω–Ω—è –ø—Ä–æ–±–ª–µ–º –∑–∞ –∞–¥—Ä–µ—Å–æ—é: https://github.com/authpass/authpass/issues/.

–¢–∞–∫–æ–∂ –ø—Ä–∏—î–¥–Ω—É–π—Ç–µ—Å—å –¥–æ —Å–ø—ñ–ª—å–Ω–æ—Ç–∏ –Ω–∞ –Ω–∞—à–æ–º—É Discord-–∫–∞–Ω–∞–ª—ñ –∑–∞ –∞–¥—Ä–µ—Å–æ—é: https://authpass.app/go/discord
","apple-appstore-description --- see my comment, this is essentially the same as the playstore_full_description just slight modifications for apple.","4000",""
"apple-appstore-keywords","–ú–µ–Ω–µ–¥–∂–µ—Ä –ø–∞—Ä–æ–ª—ñ–≤,KeePass,–ì–µ–Ω–µ—Ä–∞—Ç–æ—Ä –ü–∞—Ä–æ–ª—ñ–≤,Keysafe,Keepass,Kdbx,webdav,icloud,nextcloud,onedrive","apple-appstore-keywords - Keywords used for searching in the apple app store. Does not have to be a 1:1 translation, choose keywords that mak sense.","100",""
"","","","",""
"microsoft-store-windows","–õ–µ–≥–∫–æ —ñ –±–µ–∑–ø–µ—á–Ω–æ –∑–±–µ—Ä—ñ–≥–∞–π—Ç–µ –≤—Å—ñ —Å–≤–æ—ó –ø–∞—Ä–æ–ª—ñ!

AuthPass - —Ü–µ –∞–≤—Ç–æ–Ω–æ–º–Ω–∏–π –º–µ–Ω–µ–¥–∂–µ—Ä –ø–∞—Ä–æ–ª—ñ–≤ —ñ–∑ –ø—ñ–¥—Ç—Ä–∏–º–∫–æ—é –ø–æ–ø—É–ª—è—Ä–Ω–æ–≥–æ —Ç–∞ –ø–µ—Ä–µ–≤—ñ—Ä–µ–Ω–æ–≥–æ —Ñ–æ—Ä–º–∞—Ç—É KeePass (kdbx 3.x —Ç–∞ kdbx 4.x üéâÔ∏è). –ó–±–µ—Ä—ñ–≥–∞–π—Ç–µ —Å–≤–æ—ó –ø–∞—Ä–æ–ª—ñ, –¥—ñ–ª—ñ—Ç—å—Å—è –Ω–∏–º–∏ –Ω–∞ –≤—Å—ñ—Ö —Å–≤–æ—ó—Ö –ø—Ä–∏—Å—Ç—Ä–æ—è—Ö —ñ –ª–µ–≥–∫–æ –∑–Ω–∞—Ö–æ–¥—å—Ç–µ —ó—Ö, –∫–æ–ª–∏ –≤–∞–º –ø–æ—Ç—Ä—ñ–±–Ω–æ —É–≤—ñ–π—Ç–∏ –≤ –æ–±–ª—ñ–∫–æ–≤–∏–π –∑–∞–ø–∏—Å.

üóÑ –í—Å—ñ –≤–∞—à—ñ –ø–∞—Ä–æ–ª—ñ –≤ –æ–¥–Ω–æ–º—É –º—ñ—Å—Ü—ñ.
üß¨ –ì–µ–Ω–µ—Ä—É–π—Ç–µ –±–µ–∑–ø–µ—á–Ω—ñ –≤–∏–ø–∞–¥–∫–æ–≤—ñ –ø–∞—Ä–æ–ª—ñ –¥–ª—è –∫–æ–∂–Ω–æ–≥–æ –∑ –≤–∞—à–∏—Ö –∞–∫–∞—É–Ω—Ç—ñ–≤.
üîç –¢—Ä–∏–º–∞–π—Ç–µ –ø—ñ–¥ –∫–æ–Ω—Ç—Ä–æ–ª–µ–º —Å–≤–æ—ó –∞–∫–∞—É–Ω—Ç–∏ –≤ –Ü–Ω—Ç–µ—Ä–Ω–µ—Ç—ñ.
üñ• –î–æ–¥–∞—Ç–æ–∫ –¥–æ—Å—Ç—É–ø–Ω–∏–π –¥–ª—è Mac, iPhone, iPad, —Ç–µ–ª–µ—Ñ–æ–Ω—ñ–≤ —Ç–∞ –ø–ª–∞–Ω—à–µ—Ç—ñ–≤ Android, Linux —Ç–∞ Windows.
üìÇ –í—ñ–¥–∫—Ä–∏–≤–∞–π—Ç–µ –∫—ñ–ª—å–∫–∞ —Ñ–∞–π–ª—ñ–≤ –ø–∞—Ä–æ–ª—ñ–≤ –æ–¥–Ω–æ—á–∞—Å–Ω–æ (–Ω–∞–ø—Ä–∏–∫–ª–∞–¥, –æ–¥–∏–Ω –¥–ª—è —Ä–æ–±–æ—á–∏—Ö, –æ–¥–∏–Ω –¥–ª—è –æ—Å–æ–±–∏—Å—Ç–∏—Ö - –∞–±–æ –Ω–∞–≤—ñ—Ç—å –¥—ñ–ª—ñ—Ç—å—Å—è —Å–≤–æ—ó–º–∏ —Ñ–∞–π–ª–∞–º–∏ –ø–∞—Ä–æ–ª—ñ–≤ –∑ –∫–æ–ª–µ–≥–∞–º–∏)
ü§ì –í—ñ–¥–∫—Ä–∏—Ç–∏–π –≤–∏—Ö—ñ–¥–Ω–∏–π –∫–æ–¥ –¥–æ—Å—Ç—É–ø–Ω–∏–π –Ω–∞ https://github.com/authpass/authpass/
üî¶ –¢–µ–º–Ω–∞ —Ç–µ–º–∞ üòéÔ∏è


=== –ü–Ü–î –¢–í–û–á–ú –ö–û–ù–¢–†–û–õ–ï–ú ===
AuthPass –∑–±–µ—Ä—ñ–≥–∞—î –≤—Å—ñ –≤–∞—à—ñ –ø–∞—Ä–æ–ª—ñ —É –≤—ñ–¥–∫—Ä–∏—Ç–æ–º—É —Ñ–æ—Ä–º–∞—Ç—ñ Keepass, —Å–∞–º–µ —Ç–∞–º, –¥–µ –í–∏ —Ü—å–æ–≥–æ —Ö–æ—á–µ—Ç–µ. –ú–∏ –Ω–µ –Ω–∞–¥—Å–∏–ª–∞—î–º–æ –≤–∞—à—ñ –ø–∞—Ä–æ–ª—ñ –Ω–∞ –Ω–∞—à—ñ —Å–µ—Ä–≤–µ—Ä–∏. –ü—Ä–æ—Ç–µ AuthPass –ø—ñ–¥—Ç—Ä–∏–º—É—î –∑–±–µ—Ä–µ–∂–µ–Ω–Ω—è –Ω–∞:

‚úÖÔ∏è –Ü–Ω—Ç–µ–≥—Ä–∞—Ü—ñ—è –∑ Google –î–∏—Å–∫–æ–º
‚úÖÔ∏è –Ü–Ω—Ç–µ–≥—Ä–∞—Ü—ñ—è –∑ Dropbox
‚úÖÔ∏è –ù–∞—Ç–∏–≤–Ω–∞ –ø—ñ–¥—Ç—Ä–∏–º–∫–∞ WebDAV –¥–ª—è –∑–±–µ—Ä—ñ–≥–∞–Ω–Ω—è —É –≤–∞—à–æ–º—É –≤–ª–∞—Å–Ω–æ–º—É NextCloud –∞–±–æ OwnCloud (–∞–±–æ –ø–æ–¥—ñ–±–Ω–æ–º—É)
‚úÖÔ∏è –Ü–Ω—Ç–µ–≥—Ä–∞—Ü—ñ—è –∑ Microsoft OneDrive

=== –ü–û–í–ù–û–§–£–ù–ö–¶–Ü–û–ù–ê–õ–¨–ù–ò–ô, –ë–ï–ó –†–ï–ö–õ–ê–ú–ò, –ë–ï–ó –ü–Ü–î–ü–ò–°–ö–ò ===
–û—Å–∫—ñ–ª—å–∫–∏ —Ü–µ –ø—Ä–æ–µ–∫—Ç –∑ –≤—ñ–¥–∫—Ä–∏—Ç–∏–º –≤–∏—Ö—ñ–¥–Ω–∏–º –∫–æ–¥–æ–º, –Ω–µ–º–∞—î —à—Ç—É—á–Ω–∏—Ö –æ–±–º–µ–∂–µ–Ω—å —Ñ—É–Ω–∫—Ü—ñ–π, –Ω–µ–º–∞—î —Ä–µ–∫–ª–∞–º–∏ —ñ –Ω–µ–º–∞—î –≤–∏–º–æ–≥ —â–æ–¥–æ –æ–ø–ª–∞—Ç–∏.

–í–Ω–µ—Å–∫–∏ –≤—ñ—Ç–∞—é—Ç—å—Å—è —ñ –∑–∞–æ—Ö–æ—á—É—é—Ç—å—Å—è üòÖÔ∏è (–ó–∞–≤–∂–¥–∏ —à—É–∫–∞—î–º–æ —Ä–æ–∑—Ä–æ–±–Ω–∏–∫—ñ–≤, –ø–µ—Ä–µ–∫–ª–∞–¥–∞—á—ñ–≤, –∞–≤—Ç–æ—Ä—ñ–≤ –¥–æ–∫—É–º–µ–Ω—Ç–∞—Ü—ñ—ó, –¥–∏–∑–∞–π–Ω–µ—Ä—ñ–≤ —ñ —Ç.–¥. :), –ø—Ä–æ—Å—Ç–æ –ø—Ä–∏—î–¥–Ω—É–π—Ç–µ—Å—å –¥–æ –Ω–∞—à–æ–≥–æ –∫–∞–Ω–∞–ª—É Discord: https://authpass.app/go/discord

=== –í –ê–ö–¢–ò–í–ù–Ü–ô –†–û–ó–†–û–ë–¶–Ü üõ†Ô∏è ===
–¶–µ –ø—Ä–æ–µ–∫—Ç –∑ –≤—ñ–¥–∫—Ä–∏—Ç–∏–º –≤–∏—Ö—ñ–¥–Ω–∏–º –∫–æ–¥–æ–º, —è–∫–∏–π –≤—Å–µ —â–µ –ø–µ—Ä–µ–±—É–≤–∞—î –≤ —Å—Ç–∞–¥—ñ—ó –∞–∫—Ç–∏–≤–Ω–æ—ó —Ä–æ–∑—Ä–æ–±–∫–∏, –¥–æ–¥–∞–≤–∞–Ω–Ω—è —Ñ—É–Ω–∫—Ü—ñ–π. –ú–∏ –±—É–¥–µ–º–æ —Ä–∞–¥—ñ –≤–∞—à–∏–º –≤—ñ–¥–≥—É–∫–∞–º –ø–æ –µ–ª–µ–∫—Ç—Ä–æ–Ω–Ω—ñ–π –ø–æ—à—Ç—ñ –∞–±–æ –Ω–∞ –ø–∞–Ω–µ–ª—ñ –≤—ñ–¥—Å—Ç–µ–∂–µ–Ω–Ω—è –ø—Ä–æ–±–ª–µ–º –∑–∞ –∞–¥—Ä–µ—Å–æ—é https://github.com/authpass/authpass/issues/.

–¢–∞–∫–æ–∂ –ø—Ä–∏—î–¥–Ω—É–π—Ç–µ—Å—å –¥–æ —Å–ø—ñ–ª—å–Ω–æ—Ç–∏ –Ω–∞ –Ω–∞—à–æ–º—É —Ñ–æ—Ä—É–º—ñ: https://forum.authpass.app/
","Windows Store listing description https://docs.microsoft.com/en-us/windows/uwp/publish/write-a-great-app-description","",""
"microsoft-store-windows-short-descriptoin","–ó–±–µ—Ä—ñ–≥–∞–π—Ç–µ —Å–≤–æ—ó –ø–∞—Ä–æ–ª—ñ —Ç–∞ –æ–±–ª—ñ–∫–æ–≤—ñ –∑–∞–ø–∏—Å–∏ –≤ –±–µ–∑–ø–µ—Ü—ñ –Ω–∞ –≤—Å—ñ—Ö –ø–ª–∞—Ç—Ñ–æ—Ä–º–∞—Ö —ñ –ø—Ä–∏—Å—Ç—Ä–æ—è—Ö. –ë–µ–∑–∫–æ—à—Ç–æ–≤–Ω–∏–π –º–µ–Ω–µ–¥–∂–µ—Ä –ø–∞—Ä–æ–ª—ñ–≤ –∑ –≤—ñ–¥–∫—Ä–∏—Ç–∏–º –≤–∏—Ö—ñ–¥–Ω–∏–º –∫–æ–¥–æ–º —ñ –ø—ñ–¥—Ç—Ä–∏–º–∫–æ—é —Ñ–∞–π–ª—ñ–≤ –ø–∞—Ä–æ–ª—ñ–≤ kdbx.","short description for windows store 
A shorter, catchy description that may be used in the top of your product‚Äôs Store listing
Recommended length: 270 characters or fewer
","1000",""
"microsoft-store-windows-features","* –ù–∞–¥—ñ–π–Ω–æ –∑–±–µ—Ä—ñ–≥–∞–π—Ç–µ —Å–≤–æ—ó –ø–∞—Ä–æ–ª—ñ
* –í—ñ–¥–∫—Ä–∏—Ç–∏–π –≤–∏—Ö—ñ–¥–Ω–∏–π –∫–æ–¥
* –ü—ñ–¥—Ç—Ä–∏–º–∫–∞ —Å—Ç–∞–Ω–¥–∞—Ä—Ç–Ω–∏—Ö —Ñ–∞–π–ª—ñ–≤ KeePass (kdbx)
* –°–∏–Ω—Ö—Ä–æ–Ω—ñ–∑–∞—Ü—ñ—è –º—ñ–∂ –ø—Ä–∏—Å—Ç—Ä–æ—è–º–∏ –∑–∞ –¥–æ–ø–æ–º–æ–≥–æ—é —Ö–º–∞—Ä–Ω–∏—Ö —Å–µ—Ä–≤—ñ—Å—ñ–≤.","Short summaries of your product's key features
Displayed as bulleted list
Up to 20 app features
(max 200 characters each)","",""
"microsoft-store-windows-search-terms","* –º–µ–Ω–µ–¥–∂–µ—Ä –ø–∞—Ä–æ–ª—ñ–≤
* authpass
* kdbx
* keepass
* –≥–µ–Ω–µ—Ä–∞—Ç–æ—Ä –ø–∞—Ä–æ–ª—ñ–≤","search terms for the microsoft store

Up to 7 search terms
40 character limit for each search term
No more than 21 separate words across all search terms","",""
