"playstore_full_description","Controle com facilidade e seguran√ßa de todas as suas senhas!

O AuthPass √© um gerenciador de senhas com suporte ao popular formato <strong>KeePass</strong> (kdbx 3. E kdbx 4.x üéâ). Armazene suas senhas, <strong>compartilhe em todos os seus dispositivos</strong> e encontre-as facilmente sempre que voc√™ precisar fazer o login.

üóÑ Todas as suas senhas em um s√≥ lugar.
üß¨ Gere senhas aleat√≥rias seguras para cada uma das suas contas.
üîê Desbloqueio R√°pido protegido com bloqueio biom√©trico.
üîç: Mantenha o controle de suas contas atrav√©s da web.
üñ• Aplicativo dispon√≠vel para Mac, iPhone, iPad, Android e Tablets, Linux e Windows.
üìÇ Abra v√°rios arquivos de senha ao mesmo tempo (ex.: um por trabalho, um por pessoal - ou at√© mesmo compartilhar seus arquivos de senha com colegas de trabalho)
ü§ì C√≥digo Aberto dispon√≠vel em https://github. om/authpass/authpass/
‚úç Preenchimento autom√°tico de suas senhas (Android 9+, suporte no navegador somente no Android 10+)
üî¶ Tema Escuro üòé


<strong>=== SOB SEU CONTROLE ===</strong>
O AuthPass armazena todas as suas senhas no formato aberto Keepass, exatamente onde voc√™ quer. Ele n√£o envia suas senhas para nossos servidores. Mas o AuthPass suporta salvar em:

‚úÖ Qualquer provedor de conte√∫do local do Android
‚úÖ Integra√ß√£o Nativa com o Google Drive
‚úÖ Integra√ß√£o Nativa com o Dropbox
‚úÖ Suporte WebDAV nativo para armazenar em seu pr√≥prio NextCloud ou OwnCloud (ou similar)
‚úÖ integra√ß√£o Nativa com oMicrosoft OneDrive

<b>=== MUITOS RECURSOS, NENHUM AN√öNCIO, SEM ASSINATURA ===</b>
Como projeto de c√≥digo aberto n√£o existem restri√ß√µes artificiais de recursos, sem an√∫ncios e sem necessidade de pagamentos.

<strong>Contribui√ß√µes s√£o bem vindas e encorajadas</strong> üòÖ (Sempre √† procura de desenvolvedores, tradutores, escritores de documenta√ß√£o, Designer de User Interface, etc. :) ), √© s√≥ acessar nosso <a href=""https://authpass.app/go/discord"">canal no discord</a>.

<b>=== SOB DESENVOLVIMENTO ATIVO üõ†Ô∏è ===</b>
Este √© um projeto de c√≥digo aberto que ainda est√° em forte desenvolvimento. adicionando recursos. N√≥s adorar√≠amos seu feedback por e-mail ou no <a href=""https://github.com/authpass/authpass/issues/"">issue tracker</a> em https://github.com/authpass/authpass/issues/

Tamb√©m junte-se √† comunidade em nosso <a href=""https://authpass.app/go/discord"">canal no discord</a> em https://authpass.app/go/discord
","Google Play Store description","4000",""
"playstore_title","AuthPass - Gerenciador de Senhas","Google Play Title","50",""
"playstore_short_description","Mantenha suas senhas e contas seguras em todas as plataformas e dispositivos.","Short description in play store.","80",""
"apple-appstore-title","AuthPass - Gerenciar Senhas","","30",""
"apple-appstore-subtitle","Uma Senha para Todos.","apple-appstore-subtitle -- Used as subtitle in Apple App Store, feel free to be creative ;-) Does not have to match english original, must just be a catchy phrase for the app store.","30",""
"apple-appstore-description","Controle com facilidade e seguran√ßa de todas as suas senhas!

O AuthPass √© um gerenciador de senhas com suporte ao popular formato KeePass. Armazene suas senhas, compartilhe em todos os seus dispositivos e encontre-as facilmente sempre que voc√™ precisar fazer o login.

‚Ä¢ Todas as suas senhas em um s√≥ lugar.
‚Ä¢ Gere senhas aleat√≥rias seguras para cada uma das suas contas.
‚Ä¢ Desbloqueio R√°pido protegido com bloqueio biom√©trico.
‚Ä¢ Mantenha o controle de suas contas atrav√©s da web.
‚Ä¢ Aplicativo dispon√≠vel todas as plataformas. Incluindo Mac, iPhone e iPad.
‚Ä¢ Abra v√°rios arquivos de senha ao mesmo tempo (ex.: um por trabalho, um por pessoal - ou at√© mesmo compartilhar seus arquivos de senha com colegas de trabalho)
‚Ä¢ Economize tempo em senhas de uso √∫nico baseadas em 2fa (autentica√ß√£o de dois fatores).
‚Ä¢ Anexe arquivos bin√°rios √†s suas entradas de senha. (Como TANs offline, etc)
 ‚Ä¢ C√≥digo Aberto dispon√≠vel em https://github.com/authpass/authpass/
‚Ä¢ Tema Escuro


=== SOB SEU CONTROLE ===
O AuthPass armazena todas as suas senhas no formato aberto Keepass, exatamente onde voc√™ quer. Ele n√£o envia suas senhas para nossos servidores. Mas o AuthPass suporta salvar em:

 ‚Ä¢ Qualquer provedor de conte√∫do local, como o iCloud.
‚Ä¢ Integra√ß√£o Nativa com o Google Drive
‚Ä¢ Integra√ß√£o Nativa com o Dropbox
‚Ä¢ Suporte WebDAV nativo para armazenar em seu pr√≥prio NextCloud ou OwnCloud (ou similar)
‚Ä¢ integra√ß√£o Nativa com oMicrosoft OneDrive

=== MUITOS RECURSOS, NENHUM AN√öNCIO, SEM ASSINATURA ===
Como projeto de c√≥digo aberto n√£o existem restri√ß√µes artificiais de recursos, sem an√∫ncios e sem necessidade de pagamentos.

Contribui√ß√µes s√£o bem vindas e encorajadas :-) (Sempre √† procura de desenvolvedores, tradutores, escritores de documenta√ß√£o, Designer de User Interface, etc. :) ), √© s√≥ acessar nosso canal no discord:
https://authpass.app/go/discord.

=== SOB DESENVOLVIMENTO ATIVO ===
Este √© um projeto de c√≥digo aberto que ainda est√° em forte desenvolvimento. adicionando recursos. N√≥s adorar√≠amos seu feedback por e-mail ou em https://github.com/authpass/authpass/issues/

Tamb√©m junte-se √† comunidade em nosso canal no discord em https://authpass.app/go/discord
","apple-appstore-description --- see my comment, this is essentially the same as the playstore_full_description just slight modifications for apple.","4000",""
"apple-appstore-keywords","Gerenciador de senhas,senhas,gerenciar,Keystore, Keepass,Kdbx,webdav,icloud,nextcloud,onedrive","apple-appstore-keywords - Keywords used for searching in the apple app store. Does not have to be a 1:1 translation, choose keywords that mak sense.","100",""

"microsoft-store-windows","","Windows Store listing description https://docs.microsoft.com/en-us/windows/uwp/publish/write-a-great-app-description","",""
"microsoft-store-windows-short-descriptoin","","short description for windows store 
A shorter, catchy description that may be used in the top of your product‚Äôs Store listing
Recommended length: 270 characters or fewer
","1000",""
"microsoft-store-windows-features","","Short summaries of your product's key features
Displayed as bulleted list
Up to 20 app features
(max 200 characters each)","",""
"microsoft-store-windows-search-terms","","search terms for the microsoft store

Up to 7 search terms
40 character limit for each search term
No more than 21 separate words across all search terms","",""
