"playstore_full_description","Memorizza facilmente e in sicurezza le tue password!

AuthPass √® un Password Manager che supporta l'ormai popolare e sicuro formato <strong>KeePass</strong> (kdbx 3.x E kdbx 4.x üéâÔ∏è). Salva le tue password, <strong>accessibili da ogni tuo dispositivo</strong> e facili da trovare ogni volta che devi fare il login.

üóÑ Tutte le tue password in un posto sicuro.
üß¨Genera password casuali sicure per ogni tuo account.
üîê Usa il riconoscimento facciale e impronte digitali per sbloccare rapidamente e in sicurezza.
üîç Tieni traccia di tutti i tuoi account sul web.
üñ• App disponibile per tutte le piattaforme: Mac, iOS, Android, Linux e Windows.
üìÇApri pi√π database contemporaneamente (es. uno per il lavoro, uno per gli account personali - puoi anche condividerli con i tuoi colleghi!).
ü§ì Software libero, codice sorgente su: https://github.com/authpass/authpass/
‚úç Auto-completamento delle password (da Android 9+, supporto nei browser solo da Android 10+).
üî¶ Tema scuro.üòéÔ∏è


<strong>=== MANTIENI IL CONTROLLO ===</strong>
AuthPass salva le tue password nel formato KeePass (kdbx), famoso nell'ambiente del software libero per la sua sicurezza, esattamente dove vuoi tu. Le tue password non vengono inviate ai nostri server. Ma con AuthPass puoi salvarle su:

‚úÖÔ∏è Qualsiasi provider di servizi Android
‚úÖÔ∏è Google Drive
‚úÖÔ∏è Dropbox
‚úÖÔ∏è WebDAV per salvare nei TUOI server NextCloud o OwnCloud (o simili)
‚úÖÔ∏è Microsoft One Drive

<b>=== FUNZIONALIT√Ä COMPLETE, NO PUBBLICITA', NO CARTA DI CREDITO ===</b>
Siccome √® un progetto Open Source (Software Libero, aperto a tutti), AuthPass non ha alcuna restrizione, nessuna pubblicit√† e mai ti chieder√† i dati della tua Poste Pay üòéÔ∏è (√® gratuita).

<strong>Volontari sono sempre ben accetti!</strong> üòÖÔ∏è Abbiamo sempre bisogno di sviluppatori, traduttori, persone che scrivono la documentazione, designer per l'UI, etc. üòÉ Entra nel nostro <a href=""https://authpass.app/go/discord"">server Discord!</a>.

<b>=== SVILUPPO ATTIVO E COSTANTE üõ†Ô∏è ===</b>
Quest'app √® Open Source, sempre in costante evoluzione, al passo coi tempi e con ancora pi√π funzioni in futuro. Manca qualcosa nell'app? scrivici una Email oppure richiedi nel <a href=""https://github.com/authpass/authpass/issues/"">issue tracker</a> su https://github.com/authpass/authpass/issues/

Cosa aspetti? unisciti alla community nel <a href=""https://authpass.app/go/discord"">Server Discord!</a> tramite: https://authpass.app/go/discord
","Google Play Store description","4000",""
"playstore_title","AuthPass - Password Manager compatibile KeePass","Google Play Title","50",""
"playstore_short_description","Tieni le tue Password al sicuro su tutte le piattaforme e dispositivi.","Short description in play store.","80",""
"apple-appstore-title","AuthPass - Password Manager","","30",""
"apple-appstore-subtitle","Le tue Password, Ovunque.","apple-appstore-subtitle -- Used as subtitle in Apple App Store, feel free to be creative ;-) Does not have to match english original, must just be a catchy phrase for the app store.","30",""
"apple-appstore-description","Tieni traccia di tutte le tue password in modo semplice e sicuro!

AuthPass √® un gestore di password standalone con supporto per il popolare e collaudato formato KeePass. Memorizza le tue password, condividile su tutti i tuoi dispositivi cos√¨ puoi trovarle facilmente ogni volta che hai bisogno di effettuare il login.

‚Ä¢ Tutte le tue password in un unico posto.
‚Ä¢ Genera password casuali sicure per ciascuno dei tuoi account.
‚Ä¢ Sblocco rapido protetto con blocco biometrico.
‚Ä¢ Tieni traccia dei tuoi account sul web.
‚Ä¢ App disponibile su tutte le piattaforme. Tra cui Mac, iPhone e iPad.
‚Ä¢ Aprire contemporaneamente pi√π database di password contemporaneamente (ad es. uno per lavoro, uno personale - o anche condividere i database di password con i tuoi colleghi di lavoro)
‚Ä¢ Salva una password basata sul tempo per 2fa (Autenticazione a due fattori).
‚Ä¢ Allega i file binari alle voci della password. (Come TAN offline, ecc)
‚Ä¢ Codice sorgente disponibile su https://github. om/authpass/authpass/
‚Ä¢ Tema scuro ; )


=== SOTTO IL TUO CONTRLLO ===

AuthPass memorizza tutte le tue password nel formato aperto Keepass, esattamente dove vuoi. Non invia le password ai nostri server. Ma AuthPass supporta il salvataggio:

‚Ä¢ Qualsiasi fornitore di documenti locale, come iCloud.
‚Ä¢ Integrazione Nativa con Google Drive
‚Ä¢ Integrazione Nativa Dropbox
‚Ä¢ Supporto Nativo WebDAV da memorizzare nel tuo NextCloud o OwnCloud (o simile)
‚Ä¢ Integrazione Nativa di Microsoft OneDrive


=== FUNZIONALIT√Ä COMPLETE, NO PUBBLICIT√Ä, NO ABBONAMENTI===

Siccome √® un progetto open source (codice libero sviluppato eticamente da volontari) non ci sono restrizioni, nessuna pubblicit√† e nessun obbligo di pagamento (√® gratuita).

I volontari sono i benvenuti :-) (Siamo sempre alla ricerca di sviluppatori, traduttori, scrittori per la documentazione, UI designer, ecc :) ), basta unirsi al nostro canale discord: https://authpass.app/go/discord.


=== SOTTO CONTINUO SVILUPPO ===

Questo √® un progetto open source che √® ancora in fase di intenso sviluppo per aggiungere funzionalit√†. Ci piacerebbe il tuo feedback via email o sul tracker dei problemi all'indirizzo: https://github.com/authpass/authpass/issues/

Unisciti anche alla community nel nostro canale discord su https://authpass.app/go/discord
","apple-appstore-description --- see my comment, this is essentially the same as the playstore_full_description just slight modifications for apple.","4000",""
"apple-appstore-keywords","Password Manager, Password, Manage, Keystore, Keysafe,Keepass,Kdbx,webdav,icloud,nextcloud,onedrive","apple-appstore-keywords - Keywords used for searching in the apple app store. Does not have to be a 1:1 translation, choose keywords that mak sense.","100",""

"microsoft-store-windows","","Windows Store listing description https://docs.microsoft.com/en-us/windows/uwp/publish/write-a-great-app-description","",""
"microsoft-store-windows-short-descriptoin","","short description for windows store 
A shorter, catchy description that may be used in the top of your product‚Äôs Store listing
Recommended length: 270 characters or fewer
","1000",""
"microsoft-store-windows-features","","Short summaries of your product's key features
Displayed as bulleted list
Up to 20 app features
(max 200 characters each)","",""
"microsoft-store-windows-search-terms","","search terms for the microsoft store

Up to 7 search terms
40 character limit for each search term
No more than 21 separate words across all search terms","",""
