"playstore_full_description","Houd eenvoudig en veilig al je wachtwoorden bij!

AuthPass is een lokale wachtwoordbeheerder met ondersteuning voor de populaire en bewezen <strong>KeePass</strong> (kdbx 3. en kdbx 4.x üéâ) formaat. Sla uw wachtwoorden op, <strong>deel ze op al uw apparaten</strong> en vind ze gemakkelijk wanneer u wilt inloggen.

üóÑ Al je wachtwoorden op √©√©n plek.
üß¨ Genereer veilige willekeurige wachtwoorden voor al je accounts.
üîê Snelle ontgrendeling beveiligd met biometrische vergrendeling.
üîç Bijhouden van je gebruikersnamen op het internet.
üñ• App beschikbaar voor Mac, iPhone, iPad, Android telefoons en tablets, Linux en Windows.
üìÇ Open meerdere wachtwoordbestanden tegelijkertijd (bijvoorbeeld een voor werk, een voor priv√© - of zelfs uw wachtwoord bestanden delen met collega's)
ü§ì Open Source beschikbaar op https://github. om/authpass/authpass/
‚úç Autofill your passwords (Android 9+, Ondersteuning in browsers vanaf Android 10)
üî¶ Donker Thema üòé


<strong>=== ONDER YOUR CONTROL ===</strong>
AuthPass slaat al uw wachtwoorden op in het open Keepass formaat, precies waar je het wilt. Het stuurt geen wachtwoorden naar onze servers. Maar AuthPass ondersteunt opslaan naar:

‚úÖ Elke lokale content provider in Android
‚úÖ Ingebouwde Google Drive Integratie
‚úÖ Ingebouwde Dropbox integratie
‚úÖ Ingebouwde WebDAV ondersteuning om op te slaan in uw eigen NextCloud of OwnCloud (of iets dergelijks)
‚úÖ Ingebouwde Microsoft OneDrive integratie

<b>=== ALLE MOGELIJKHEDEN, GEEN ADS, GEEN SUBSCRIPTIE ===</b>
Als open source project zijn er geen kunstmatige kenmerken beperkingen, geen advertenties en geen betalingsverplichting.

<strong>bijdrages welkom en moedigen we aan</strong> üòÖ (Altijd zoeken we naar ontwikkelaars, vertalers, documentatieschrijvers, UI ontwerpers, etc. :) ) , doe gewoon mee met ons <a href=""https://authpass.app/go/discord"">discord channel</a>.

<b>=== ONDER ACTIEVE ONTIKKELING üõ†Ô∏è ===</b>
Dit is een open source project dat nog steeds in volle ontwikkeling is, door functies toe te voegen. We horen graag je feedback via e-mail of op de <a href=""https://github.com/authpass/authpass/issues/"">issue tracker</a> op https://github. om/authpass/authpass/issues/

Neem ook deel aan de community op ons <a href=""https://authpass.app/go/discord"">discord kanaal</a> op https://authpass.app/go/discord
","Google Play Store description","4000",""
"playstore_title","AuthPass - KeePass compatibele Wachtwoordmanager","Google Play Title","50",""
"playstore_short_description","Houd je wachtwoorden veilig op alle platforms en apparaten.","Short description in play store.","80",""
"apple-appstore-title","AuthPass ‚Äì Wachtwoordbeheerder","","30",""
"apple-appstore-subtitle","√â√©n wachtwoord, alle apparaten","apple-appstore-subtitle -- Used as subtitle in Apple App Store, feel free to be creative ;-) Does not have to match english original, must just be a catchy phrase for the app store.","30",""
"apple-appstore-description","Houd eenvoudig en veilig al je wachtwoorden bij!

AuthPass is een lokale wachtwoordmanager met ondersteuning voor het populaire en goedgekeurde KeePass formaat. Sla je wachtwoorden op, deel ze op al je apparaten en vind ze gemakkelijk wanneer je wilt inloggen.

‚Ä¢ Al uw wachtwoorden op √©√©n plek.
‚Ä¢ Genereer veilige, willekeurige wachtwoorden voor al je accounts.
‚Ä¢ Snelle ontgrendeling beveiligd met biometrische vergrendeling.
‚Ä¢ Bijhouden van je gebruikersnamen op het internet.
‚Ä¢ App beschikbaar op alle platformen. Onder andere Mac, iPhone en iPad.
‚Ä¢ Open tegelijkertijd meerdere wachtwoordbestanden (bijv. een voor werk, een voor persoonlijk - of zelfs uw wachtwoord delen met collega's)
‚Ä¢ Bewaar tijd gebaseerde wachtwoorden voor 2fa (Twee factor authenticatie).
‚Ä¢ Koppel binaire bestanden aan je wachtwoord invoer. (Zoals offline TANs, etc)
‚Ä¢ Open Source beschikbaar op https://github. om/authpass/authpass/
‚Ä¢ Donker thema ;-)


=== ONDER JOUW BEHEER ===

AuthPass slaat al je wachtwoorden in de open Keepass bestandsindeling op, precies waar jij het wilt. Het verstuurt je wachtwoorden niet naar onze servers. Maar AuthPass ondersteunt opslaan op:

‚Ä¢ Elke lokale opslagmethode, zoals iCloud.
‚Ä¢ Heeft ingebouwde Google Drive Integratie
‚Ä¢ Heeft ingebouwde Dropbox Integratie
‚Ä¢ Heeft ingebouwde ondersteuning om op te slaan in uw eigen NextCloud of OwnCloud (of iets dergelijks)
‚Ä¢ Heeft ingebouwde Microsoft OneDrive integratie


=== ALLE MOGELIJKHEDEN, GEEN ADS, GEEN ABONNEMENT ===

Als open source project zijn er geen kunstmatige beperkingen, geen advertenties en is er geen betalingsverplichting.

Bijdrages zijn welkom en moedigen we aan :-) (Altijd zoeken we naar ontwikkelaars, vertalers, documentatieschrijvers, UI ontwerpers, etc. :) ) kom in ons discord kanaal: https://authpass. pp/go/discord.


=== ACTIEVE ONTWIKKELING ===

Dit is een opensourceproject dat nog steeds in volle ontwikkeling is, zoals functies toevoegen. We horen graag je opmerkingen via e-mail of in de probleemtracker op https://github. om/authpass/authpass/issues/

Doe ook mee met onze community in ons discord kanaal https://authpass.app/go/discord
","apple-appstore-description --- see my comment, this is essentially the same as the playstore_full_description just slight modifications for apple.","4000",""
"apple-appstore-keywords","Wachtwoordenbeheerder, wachtwoorden, Keystore, Keysafe,Keepass,Kdbx,webdav,icloud,nextcloud,onedrive","apple-appstore-keywords - Keywords used for searching in the apple app store. Does not have to be a 1:1 translation, choose keywords that mak sense.","100",""

"microsoft-store-windows","Houd eenvoudig en veilig al je wachtwoorden bij!

AuthPass is een lokale wachtwoordbeheerder met ondersteuning voor de populaire en bewezen KeePass (kdbx 3. en kdbx 4.x üéâ) formaat. Sla uw wachtwoorden op, deel ze op al uw apparaten en vind ze gemakkelijk wanneer u wilt inloggen.

üóÑ al je wachtwoorden op √©√©n plaats.
üß¨ Genereer veilige willekeurige wachtwoorden voor elk van uw accounts.
üîç Bijhouden van je gebruikersnamen op het internet.
üñ• App beschikbaar voor Mac, iPhone, iPad, Android telefoons en tablets, Linux en Windows.
üìÇ Open meerdere wachtwoord bestanden tegelijkertijd (bijvoorbeeld een voor werk, een voor priv√© - of zelfs uw wachtwoord bestanden delen met collega's)
ü§ì Open Source beschikbaar op https://github. om/authpass/authpass/
üî¶ Donker Thema üòé


=== ONDER JOUW CONTROLE ===
AuthPass slaat al uw wachtwoorden op in het open Keepass formaat, precies waar je het wilt. Het stuurt geen wachtwoorden naar onze servers. AuthPass ondersteunt opslaan naar:

‚úÖ Ingebouwde Google Drive integratie
‚úÖ Ingebouwde Dropbox integratie
‚úÖ Ingebouwde WebDAV ondersteuning om op te slaan in je eigen NextCloud of OwnCloud (of iets dergelijks)
‚úÖ Ingebouwde Microsoft OneDrive integratie

=== ALLE MOGELIJKHEDEN, GEEN ADS, GEEN ABONNEMENTEN ===
Als open source project zijn er geen kunstmatige beperkingen, geen advertenties en geen betalingsverplichting.

Bijdrages zijn welkom en nodigden we uit üòÖ (Altijd zoeken we naar ontwikkelaars, vertalers, documentatie schrijvers, UI ontwerpers, etc. :) ), meld je gewoon aan in ons discord kanaal: https://authpass. pp/go/discord

=== ONDER ACTIeVE DEVELOPMENT üõ†Ô∏è ===
Dit is een opensourceproject dat nog steeds in volle ontwikkeling is, functies worden steeds toegevoegd. We willen graag je feedback per e-mail of in de issue tracker op https://github.com/authpass/authpass/issues/

Doe ook mee met de community in ons forum: https://forum.authpass.app/
","Windows Store listing description https://docs.microsoft.com/en-us/windows/uwp/publish/write-a-great-app-description","",""
"microsoft-store-windows-short-descriptoin","Houd uw wachtwoorden en accounts veilig op alle platforms en apparaten. Gratis en Open Source wachtwoordbeheer met ondersteuning voor kdbx wachtwoordbestanden.","short description for windows store 
A shorter, catchy description that may be used in the top of your product‚Äôs Store listing
Recommended length: 270 characters or fewer
","1000",""
"microsoft-store-windows-features","* Veilig je wachtwoorden opslaan
* Open Source
* Ondersteuning voor standaard KeePass-bestanden (kdbx)
* Synchroniseren met cloud-opslagdiensten.","Short summaries of your product's key features
Displayed as bulleted list
Up to 20 app features
(max 200 characters each)","",""
"microsoft-store-windows-search-terms","* wachtwoordmanager
* authpass
* kdbx
* keepass
* wachtwoord generator","search terms for the microsoft store

Up to 7 search terms
40 character limit for each search term
No more than 21 separate words across all search terms","",""
